Workbook

Sheet Cursos
E1: Especialidades | L1: Horas semanales | S1: 18 | T1: 30 | W1: =SUM(W3:W140) -> 26435680 | X1: =SUM(X3:X140) -> 0
A2: CODIGO | B2: MATERIA | C2: CURSO | D2: TITULO | E2: Plan Común | F2: ICI | G2: IOC | H2: ICE | I2: ICC | J2: ICA | K2: Cocentración | L2: Clases | M2: Ayudantías | N2: Laboratorios o Talleres | O2: Trabajos | P2: Presentaciones | Q2: Lecturas | R2: Estudio | S2: Horas semanales | T2: SCT-Chile | U2: Requisitos | V2: Habilidades Transversales | W2: Comienzo | X2: Secciones Sem 10 | Y2: Secciones Sem 20 | Z2: Homologación Plan de Estudios 2016 Sólo cambio de malla | AA2: Homologación Plan de Estudios 2011 Sólo cambio de malla | AB2: Cursos similares del Plan de Estudios 2011 (Lista Cruzada) | AC2: CODIGOS BANNER 2010 | AD2: COINCIDENCIA
A3: ICI2010 | B3: ICI | C3: 2010 | D3: Administración de los Riesgos Financieros | F3: 10f | L3: 3 | O3: 2 | P3: 1 | Q3: 1 | R3: 3 | S3: =SUM(L3:R3) -> 10 | T3: =ROUND(S3*S$1/T$1,0) -> 6 | U3: Licenciatura | W3: 201920 | Y3: ✔ | AB3: Administración de los Riesgos Financieros | AC3: 6 | AD3: SI
A4: IOC5206 | B4: IOC | C4: 5206 | D4: Administración y Control de Proyectos | G4: 10i | L4: 3 | O4: 4 | R4: 3 | S4: 10 | T4: 6 | U4: Cost Engineering | V4: Ob | W4: 201920 | Y4: ✔ | AB4: Análisis Conceptual de Proyectos | AC4: 6 | AD4: SI
A5: ICA5120 | B5: ICA | C5: 5120 | D5: Air Quality and Environmental Pollution | J5: 9 | L5: 3 | M5: 0 | N5: 1 | P5: 1 | R5: 5 | S5: =SUM(L5:R5) -> 10 | T5: =ROUND(S5*S$1/T$1,0) -> 6 | U5: Diseño y Optimización de Procesos Industriales | V5: Ic(Oa) | W5: 201910 | X5: ✔ | Z5: Air Quality and Environmental Pollution (ICA 5102) | AB5: NA | AC5: 6 | AD5: SI
A6: ING1100 | B6: ING | C6: 1100 | D6: Álgebra e Introducción al Cálculo | E6: 1 | F6: 1 | G6: 1 | H6: 1 | I6: 1 | J6: 1 | L6: 8 | M6: 4 | R6: 5 | S6: =SUM(L6:R6) -> 17 | T6: =ROUND(S6*S$1/T$1,0) -> 10 | W6: 201610 | X6: ✔ | Y6: ✔ | AA6: Álgebra (7) y Geometría e Introducción al Cálculo (7) | AB6: Álgebra y Geometría e Introducción al Cálculo | AC6: no disponible | AD6: NO
A7: ING1201 | B7: ING | C7: 1201 | D7: Álgebra Lineal | E7: 2 | F7: 2 | G7: 2 | H7: 2 | I7: 2 | J7: 2 | L7: 4 | M7: 2 | N7: 1 | R7: 3 | S7: =SUM(L7:R7) -> 10 | T7: =ROUND(S7*S$1/T$1,0) -> 6 | U7: Bases para el Estudio de Ingeniería, Álgebra e Introducción al Cálculo, Programación (p) | W7: 201620 | X7: ✔ | Y7: ✔ | AA7: Álgebra Lineal (6) | AB7: Álgebra Lineal | AC7: 6 | AD7: SI
A8: ICC4101 | B8: ICC | C8: 4101 | D8: Algorithms and Competitive Programming | I8: 7 | K8: 7 | N8: 4 | Q8: 2 | R8: 4 | S8: 10 | T8: 6 | U8: Estructuras de Datos y Algoritmos | V8: Ic | W8: 201810 | X8: ✔ | AB8: Diseño y Análisis de Algoritmos | AC8: 6 | AD8: SI
A9: ICC5140 | B9: ICC | C9: 5140 | D9: Almacenamiento y Procesamiento Masivo de Datos | I9: 9 | L9: 2 | O9: 4 | P9: 1 | Q9: 1 | R9: 2 | S9: 10 | T9: 6 | U9: Proyecto de Desarrollo de Software | V9: Ec | W9: 201910 | X9: ✔ | AB9: Electivo Computación | AC9: 6 | AD9: SI
A10: ICE3101 | B10: ICE | C10: 3101 | D10: Análisis de Circuitos | H10: 5 | K10: 5 | L10: 3 | M10: 2 | N10: 1 | R10: 4 | S10: =SUM(L10:R10) -> 10 | T10: =ROUND(S10*S$1/T$1,0) -> 6 | U10: Ecuaciones Diferenciales, Electricidad y Magnetismo | W10: 201710 | X10: ✔ | AA10: Análisis de Circuitos (6) | AB10: Análisis de Circuitos | AC10: 6 | AD10: SI
A11: ICI1010 | B11: ICI | C11: 1010 | D11: Análisis de Estados Financieros | F11: 9f | L11: 3 | O11: 2 | P11: 1 | Q11: 1 | R11: 3 | S11: =SUM(L11:R11) -> 10 | T11: =ROUND(S11*S$1/T$1,0) -> 6 | U11: Licenciatura | V11: Ib,Oa | W11: 201910 | X11: ✔ | AB11: Análisis de Estados Financieros | AC11: 6 | AD11: SI
A12: IOC3201 | B12: IOC | C12: 3201 | D12: Análisis Estructural | G12: 6 | L12: 3 | M12: 2 | Q12: 1 | R12: 4 | S12: 10 | T12: 6 | U12: Mecánica de Materiales | W12: 201720 | Y12: ✔ | AB12: Análisis Estructural | AC12: 6 | AD12: SI
A13: ING1106 | B13: ING | C13: 1106 | D13: Antropología Filosófica | E13: 1 | F13: 1 | G13: 1 | H13: 1 | I13: 1 | J13: 1 | L13: 2 | Q13: 2 | R13: 1 | S13: =SUM(L13:R13) -> 5 | T13: =ROUND(S13*S$1/T$1,0) -> 3 | W13: 201610 | X13: ✔ | Y13: ✔ | AA13: Antropología Filosófica (3) | AB13: Antropología Filosófica | AC13: no disponible | AD13: NO
A14: ICC4203 | B14: ICC | C14: 4203 | D14: Aplicaciones Móviles | I14: 8 | L14: 2 | N14: 2 | O14: 2 | Q14: 1 | R14: 3 | S14: 10 | T14: 6 | U14: Web Technologies | V14: Ia | W14: 201810 | Y14: ✔ | AB14: Aplicaciones móviles | AC14: 6 | AD14: SI
A15: ICC3202 | B15: ICC | C15: 3202 | D15: Arquitectura de Computadores | I15: 6 | K15: 6* | L15: 3 | O15: 2 | R15: 5 | S15: 10 | T15: 6 | U15: Electricidad y Magnetismo | W15: 201720 | Y15: ✔ | AB15: Arquitectura de Computadores | AC15: 6 | AD15: SI
A16: ICE5204 | B16: ICE | C16: 5204 | D16: Artificial Intelligence (nueva malla electrica) | H16: 10 | I16: 8 | L16: 2 | M16: 2 | O16: 4 | R16: 2 | S16: =SUM(L16:R16) -> 10 | T16: =ROUND(S16*S$1/T$1,0) -> 6 | U16: (Probabilidad y Estadística, Señales y Sistemas) o (Probabilidades y Estadísticas y Programación de bajo nivel) | V16: Ic(Oa) | W16: 201820 | Y16: ✔ | AB16: Inteligencia Artificial | AC16: 6 | AD16: SI
A17: ICC3103 | B17: ICC | C17: 3103 | D17: Autómatas y Computabilidad | I17: 5 | L17: 3 | R17: 7 | S17: 10 | T17: 6 | U17: Programación, Cálculo I | V17: Ib | W17: 201710 | X17: ✔ | AB17: Teoría de Autómatas y Lenguajes formales | AC17: 6 | AD17: SI
A18: ICA4130 | B18: ICA | C18: 4130 | D18: Balances de Materia y Energía | J18: 7 | L18: 3 | M18: 2 | Q18: 1 | R18: 4 | S18: =SUM(L18:R18) -> 10 | T18: =ROUND(S18*S$1/T$1,0) -> 6 | U18: Métodos Numéricos, Transferencia de Calor | V18: Ia | W18: 201710 | X18: ✔ | Z18: Balances de Materia y Energía (ICA 3101) | AB18: NA | AC18: 6 | AD18: SI
A19: ICC3204 | B19: ICC | C19: 3204 | D19: Bases de Datos | F19: 5 | I19: 6 | K19: 6* | L19: 3 | O19: 3 | R19: 4 | S19: 10 | T19: 6 | U19: Programación | W19: 201710 | X19: ✔ | Y19: ✔ | AA19: Bases de Datos Aplicadas (5) | AB19: Bases de Datos Aplicadas (5) | AC19: 6 | AD19: SI
A20: ING1400 | B20: ING | C20: 1400 | D20: Bases para el Estudio de Ingeniería | E20: 1 | F20: 1 | G20: 1 | H20: 1 | I20: 1 | J20: 1 | L20: 10 | R20: 10 | S20: =SUM(L20:R20) -> 20 | T20: =ROUND(S20/#REF!,0) -> #REF! | W20: 201610 | X20: ✔ | AA20: Álgebra (7) o Geometría e Introducción al Cálculo (7) | AB20: NA | AC20: no disponible | AD20: NO
A21: ING1204 | B21: ING | C21: 1204 | D21: Biología de los Microorganismos | E21: 2 | F21: 2 | G21: 2 | H21: 2 | I21: 2 | J21: 2 | L21: 3 | N21: 1 | O21: 1 | P21: 1 | Q21: 1 | R21: 2 | S21: =SUM(L21:R21) -> 9 | T21: =ROUND(S21*S$1/T$1,0) -> 5 | U21: Bases para el Estudio de Ingeniería (p) | V21: Ea | W21: 201620 | X21: ✔ | Y21: ✔ | AB21: NA | AC21: 0 | AD21: NO
A22: ING1202 | B22: ING | C22: 1202 | D22: Cálculo I | E22: 2 | F22: 2 | G22: 2 | H22: 2 | I22: 2 | J22: 2 | L22: 4 | M22: 2 | R22: 4 | S22: =SUM(L22:R22) -> 10 | T22: =ROUND(S22*S$1/T$1,0) -> 6 | U22: Bases para el Estudio de Ingeniería, Álgebra e Introducción al Cálculo | W22: 201620 | X22: ✔ | Y22: ✔ | AA22: Cálculo I (6) | AB22: Cálculo I (6) | AC22: 6 | AD22: SI
A23: ING2102 | B23: ING | C23: 2102 | D23: Cálculo II | E23: 3 | F23: 3 | G23: 3 | H23: 3 | I23: 3 | J23: 3 | L23: 4 | M23: 2 | R23: 4 | S23: =SUM(L23:R23) -> 10 | T23: =ROUND(S23*S$1/T$1,0) -> 6 | U23: Programación, Cálculo I | W23: 201710 | X23: ✔ | Y23: ✔ | AA23: Cálculo II (6) | AB23: Cálculo II (6) | AC23: 6 | AD23: SI
A24: ICA4110 | B24: ICA | C24: 4110 | D24: Cinética y Diseño de Reactores Químicos | J24: 8 | L24: 3 | M24: 2 | Q24: 2 | R24: 3 | S24: =SUM(L24:R24) -> 10 | T24: =ROUND(S24*S$1/T$1,0) -> 6 | U24: Balances de Materia y Energía, Máquinas de Transformación Física y Química | V24: Ib | W24: 201720 | Y24: ✔ | Z24: Cinética y Diseño de Reactores Químicos (ICA4101) | AB24: NA | AC24: 6 | AD24: SI
A25: ICE4204 | B25: ICE | C25: 4204 | D25: Comunicaciones Digitales | H25: 8 | L25: 3 | N25: 2 | R25: 5 | S25: =SUM(L25:R25) -> 10 | T25: =ROUND(S25*S$1/T$1,0) -> 6 | U25: Introducción a las Comunicaciones | W25: 201820 | Y25: ✔ | AB25: Comunicaciones Modernas | AC25: 6 | AD25: SI
A26: ICI3203 | B26: ICI | C26: 3203 | D26: Contabilidad y Control de Gestión | F26: 6 | L26: 3 | O26: 2 | P26: 1 | Q26: 1 | R26: 3 | S26: =SUM(L26:R26) -> 10 | T26: =ROUND(S26*S$1/T$1,0) -> 6 | U26: Fundamentos de Economía | W26: 201720 | X26: ✔ | Y26: ✔ | AB26: Contabilidad General y de costos | AC26: 6 | AD26: SI
A27: ICE4202 | B27: ICE | C27: 4202 | D27: Control Automático | H27: 8 | L27: 3 | N27: 2 | O27: 2 | R27: 3 | S27: =SUM(L27:R27) -> 10 | T27: =ROUND(S27*S$1/T$1,0) -> 6 | U27: Señales y Sistemas, Mecánica y Ondas | V27: Ec | W27: 201820 | Y27: ✔ | AB27: Control Automático | AC27: 6 | AD27: SI
A28: ICE4104 | B28: ICE | C28: 4104 | D28: Conversión de Energía | H28: 7 | L28: 3 | N28: 2 | O28: 2 | R28: 3 | S28: =SUM(L28:R28) -> 10 | T28: =ROUND(S28*S$1/T$1,0) -> 6 | U28: Análisis de Circuitos, Termodinámica (concurrente) | V28: Ec | W28: 201810 | X28: ✔ | AB28: Conversión de Energía | AC28: 6 | AD28: SI
A29: IOC5106 | B29: IOC | C29: 5106 | D29: Cost Engineering | G29: 9i | L29: 3 | O29: 4 | R29: 3 | S29: 10 | T29: 6 | U29: 228 SCT Aprobados en total | V29: Ic | W29: 201910 | X29: ✔ | AB29: Electivo Obras | AC29: 6 | AD29: SI
A30: ICC5130 | B30: ICC | C30: 5130 | D30: Diseño de Software Verificable | I30: 9 | L30: 3 | O30: 3 | Q30: 2 | R30: 2 | S30: 10 | T30: 6 | U30: Proyecto de Desarrollo de Software | W30: 201910 | X30: ✔ | AB30: Calidad y Verificación de Software | AC30: 6 | AD30: SI
A31: IOC5120 | B31: IOC | C31: 5120 | D31: Diseño en Acero | G31: 9 | L31: 3 | M31: 2 | O31: 1 | R31: 4 | S31: 10 | T31: 6 | U31: 228 SCT Aprobados en total | W31: 201910 | X31: ✔ | AB31: Introducción al Diseño en madera y acero | AC31: 6 | AD31: SI
A32: IOC5204 | B32: IOC | C32: 5204 | D32: Diseño Sismorresistente | G32: 10e | L32: 3 | M32: 2 | O32: 1 | P32: 1 | R32: 3 | S32: 10 | T32: 6 | U32: Hormigón Armado , Dynamics of Structures | W32: 201920 | Y32: ✔ | AB32: Diseño Sismorresistente | AC32: 6 | AD32: SI
A33: ICI4201 | B33: ICI | C33: 4201 | D33: Diseño y Evaluación de Proyectos Industriales | F33: 8 | L33: 3 | O33: 5 | P33: 3 | Q33: 1 | R33: 3 | S33: =SUM(L33:R33) -> 15 | T33: =ROUND(S33*S$1/T$1,0) -> 9 | U33: Gestión de Operaciones, Finanzas, Modelos Estocásticos | V33: Ec | W33: 201820 | X33: ✔ | Y33: ✔ | AB33: Podría ser Evaluación de Proyectos para ICI | AC33: 9 | AD33: SI
A34: ICA4210 | B34: ICA | C34: 4210 | D34: Diseño y Optimización de Procesos Industriales | J34: 8 | L34: 3 | M34: 2 | N34: 0 | O34: 6 | P34: 1 | R34: 3 | S34: =SUM(L34:R34) -> 15 | T34: =ROUND(S34*S$1/T$1,0) -> 9 | U34: Balances de Materia y Energía, Máquinas de Transformación Física y Química, Ecología, Medio Ambiente y Energía | V34: Ec | W34: 201820 | Y34: ✔ | Z34: Diseño y Optimización de Procesos Industriales (ICA 4201) | AB34: NA | AC34: 9 | AD34: SI
A35: IOC5100 | B35: IOC | C35: 5100 | D35: Dynamics of Structures | G35: 9 | L35: 3 | M35: 2 | O35: 1 | P35: 1 | R35: 3 | S35: 10 | T35: 6 | U35: 228 SCT Aprobados en total | V35: Ic(Oa) | W35: 201910 | X35: ✔ | AB35: Dinámica de Estructuras | AC35: 6 | AD35: SI
A36: ICA3130 | B36: ICA | C36: 3130 | D36: Ecología, Medio Ambiente y Energía | J36: 6 | L36: 3 | N36: 1 | O36: 2 | P36: 1 | Q36: 1 | R36: 2 | S36: =SUM(L36:R36) -> 10 | T36: =ROUND(S36*S$1/T$1,0) -> 6 | U36: Microbiología Industrial y Ambiental | V36: Ec | W36: 201710 | Y36: ✔ | Z36: Ecología, Medio Ambiente y Energía (ICA3103) | AB36: NA | AC36: 6 | AD36: SI
A37: ICI5104 | B37: ICI | C37: 5104 | D37: Econometría | F37: 10 | L37: 3 | M37: 2 | O37: 1 | Q37: 1 | R37: 3 | S37: =SUM(L37:R37) -> 10 | T37: =ROUND(S37*S$1/T$1,0) -> 6 | U37: Licenciatura | W37: 201920 | X37: ✔ | Y37: ✔ | AB37: Econometría y Demanda por Transporte | AC37: 6 | AD37: SI
A38: ICA5220 | B38: ICA | C38: 5220 | D38: Economía Ambiental y de los Recursos Naturales | J38: 10 | L38: 3 | M38: 2 | O38: 1 | Q38: 1 | R38: 3 | S38: =SUM(L38:R38) -> 10 | T38: =ROUND(S38*S$1/T$1,0) -> 6 | U38: Evaluación de Proyectos de Ingeniería Ambiental | W38: 201920 | Y38: ✔ | Z38: Economía Ambiental y de los Recursos Naturales (ICA 5202) | AB38: NA | AC38: 6 | AD38: SI
A39: ING2101 | B39: ING | C39: 2101 | D39: Ecuaciones Diferenciales | E39: 3 | F39: 3 | G39: 3 | H39: 3 | I39: 3 | J39: 3 | L39: 3 | M39: 2 | N39: 1 | R39: 4 | S39: =SUM(L39:R39) -> 10 | T39: =ROUND(S39*S$1/T$1,0) -> 6 | U39: Programación, Álgebra Lineal, Cálculo I | W39: 201710 | X39: ✔ | Y39: ✔ | AA39: Ecuaciones Diferenciales (6) | AB39: Ecuaciones Diferenciales (6) | AC39: 6 | AD39: SI
A40: ING2202 | B40: ING | C40: 2202 | D40: Electricidad y Magnetismo | E40: 4 | F40: 4 | G40: 4 | H40: 4 | I40: 4 | J40: 4 | L40: 4 | M40: 2 | N40: 1 | R40: 3 | S40: =SUM(L40:R40) -> 10 | T40: =ROUND(S40*S$1/T$1,0) -> 6 | U40: Cálculo II, Mecánica y Ondas | V40: Eb | W40: 201710 | X40: ✔ | Y40: ✔ | AA40: Electromagnetismo (6) | AB40: Electromagnetismo (6) | AC40: 6 | AD40: SI
A41: ICE5104 | B41: ICE | C41: 5104 | D41: Electrónica de Potencia | H41: 9 | L41: 3 | N41: 2 | P41: 2 | R41: 3 | S41: =SUM(L41:R41) -> 10 | T41: =ROUND(S41*S$1/T$1,0) -> 6 | U41: Control Automático | X41: ✔ | AC41: no disponible | AD41: NO
A42: ICC6101 | B42: ICC | C42: 6101 | D42: Emprendimiento e Innovación en Software | I42: 11 | L42: 2 | O42: 4 | P42: 1 | Q42: 1 | R42: 2 | S42: 10 | T42: 6 | U42: Gestión de Proyectos de Software | V42: Ec,Ob | W42: 202010 | X42: ✔ | AB42: Electivo Computación | AC42: 6 | AD42: SI
A43: ING2204 | B43: ING | C43: 2204 | D43: Estática | E43: 4 | F43: 4 | G43: 4 | H43: 4 | I43: 4 | J43: 4 | L43: 4 | M43: 2 | R43: 4 | S43: =SUM(L43:R43) -> 10 | T43: =ROUND(S43*S$1/T$1,0) -> 6 | U43: Cálculo I, Mecánica y Ondas | W43: 201710 | X43: ✔ | Y43: ✔ | AA43: Mecánica Racional I (6) | AB43: Mecánica Racional I (6) | AC43: 6 | AD43: SI
A44: ICC3203 | B44: ICC | C44: 3203 | D44: Estructuras de Datos y Algoritmos | I44: 6 | K44: 6 | L44: 2 | M44: 2 | O44: 2 | R44: 4 | S44: 10 | T44: 6 | U44: Programación de Bajo Nivel | V44: Ib | W44: 201720 | Y44: ✔ | AB44: Estructuras de Datos y Algoritmos | AC44: 6 | AD44: SI
A45: ICI3010 | B45: ICI | C45: 3010 | D45: Estudio de Casos en Finanzas | F45: 10f | L45: 2 | P45: 4 | R45: 4 | S45: =SUM(L45:R45) -> 10 | T45: =ROUND(S45*S$1/T$1,0) -> 6 | U45: Instrumentos Financieros | V45: Ec,Ob | W45: 201920 | Y45: ✔ | AB45: Estudio de Casos en Finanzas | AC45: 6 | AD45: SI
A46: ICI3000 | B46: ICI | C46: 3000 | D46: Estudio de Casos en Gestión de Operaciones | F46: 10g | L46: 2 | O46: 6 | P46: 1 | R46: 1 | S46: =SUM(L46:R46) -> 10 | T46: =ROUND(S46*S$1/T$1,0) -> 6 | U46: Logístics | V46: Ec,Ob | W46: 201920 | Y46: ✔ | AB46: Estudio de Casos en Gestión de Operaciones | AC46: 6 | AD46: SI
A47: ING3104 | B47: ING | C47: 3104 | D47: Ética | E47: 4 | F47: 4 | G47: 4 | H47: 4 | I47: 4 | J47: 4 | L47: 2 | Q47: 2 | R47: 1 | S47: =SUM(L47:R47) -> 5 | T47: =ROUND(S47*S$1/T$1,0) -> 3 | U47: Antropología Filosófica | W47: 201610 | X47: ✔ | Y47: ✔ | AA47: Ética (3) | AB47: Ética (3) | AC47: no disponible | AD47: NO
A48: IOC5104 | B48: IOC | C48: 5104 | D48: Evaluación de Proyectos de Ingeniería | G48: 9 | J48: 9 | L48: 3 | N48: 2 | O48: 1 | P48: 1 | Q48: 1 | R48: 2 | S48: =SUM(L48:R48) -> 10 | T48: =ROUND(S48*S$1/T$1,0) -> 6 | U48: Métodos y Técnicas de Construcción, Métodos Computacionales en Obras Civiles | V48: Ec,Ob | W48: 201910 | X48: ✔
A49: ICA5140 | B49: ICA | C49: 5140 | D49: Evaluación de Proyectos de Ingeniería Ambiental | J49: 9 | L49: 3 | M49: 2 | O49: 2 | P49: 1 | R49: 2 | S49: =SUM(L49:R49) -> 10 | T49: =ROUND(S49*S$1/T$1,0) -> 6 | U49: Diseño y Optimización de Procesos Industriales, Cinética y Diseño de Reactores Químicos | V49: Ec,Ob | W49: 201910 | X49: ✔ | Z49: Evaluación de Proyectos de Ingeniería (IOC 5103) | AB49: Podría ser Evaluación de Proyectos sólo para alumnos de obras | AC49: 6 | AD49: SI
A50: ING4105 | B50: ING | C50: 4105 | D50: Filosofía de las Ciencias | E50: 5 | F50: 5 | G50: 5 | H50: 5 | I50: 5 | J50: 5 | L50: 2 | Q50: 2 | R50: 1 | S50: =SUM(L50:R50) -> 5 | T50: =ROUND(S50*S$1/T$1,0) -> 3 | U50: Ética | W50: 201710 | X50: ✔ | Y50: ✔ | AA50: Optativo PEG Ciencias (3) | AB50: NA | AC50: 3 | AD50: SI
A51: ICI4103 | B51: ICI | C51: 4103 | D51: Finanzas | F51: 7 | L51: 3 | O51: 2 | P51: 1 | Q51: 1 | R51: 3 | S51: =SUM(L51:R51) -> 10 | T51: =ROUND(S51*S$1/T$1,0) -> 6 | U51: Fundamentos de Economía, Contabilidad y Control de Gestión (p) | W51: 201810 | X51: ✔ | Y51: ✔ | AB51: Finanzas | AC51: 6 | AD51: SI
A52: IOC5107 | B52: IOC | C52: 5107 | D52: Finite Elements | G52: 9e | L52: 3 | O52: 1 | Q52: 1 | R52: 5 | S52: 10 | T52: 6 | U52: Análisis Estructural , Métodos Computacionales en Obras Civiles | V52: Ic(Oa) | W52: 201910 | X52: ✔ | AB52: Elementos Finitos | AC52: 6 | AD52: SI
A53: IOC3203 | B53: IOC | C53: 3203 | D53: Fluid Mechanics | G53: 6 | J53: 6 | K53: 5 | L53: 2 | M53: 2 | N53: 1 | Q53: 1 | R53: 4 | S53: =SUM(L53:R53) -> 10 | T53: =ROUND(S53*S$1/T$1,0) -> 6 | U53: Ecuaciones Diferenciales, Estática | V53: Ic(Ea) | W53: 201720 | X53: ✔ | Y53: ✔ | AB53: Mecánica de Fluidos | AC53: 6 | AD53: SI
A54: IOC5150 | B54: IOC | C54: 5150 | D54: Fundaciones | G54: 9e | L54: 3 | M54: 1 | Q54: 1 | R54: 5 | S54: 10 | T54: 6 | U54: 228 SCT Aprobados en total | W54: 201910 | X54: ✔ | AB54: Fundaciones | AC54: 6 | AD54: SI
A55: ING2104 | B55: ING | C55: 2104 | D55: Fundamentos de Economía | E55: 3 | F55: 3 | G55: 3 | H55: 3 | I55: 3 | J55: 3 | L55: 3 | M55: 2 | O55: 2 | R55: 2 | S55: =SUM(L55:R55) -> 9 | T55: =ROUND(S55*S$1/T$1,0) -> 5 | U55: Álgebra e Introducción al Cálculo | V55: Ia | W55: 201710 | X55: ✔ | Y55: ✔ | AA55: Introducción a la Economía (6) | AB55: Introducción a la Economía (6) | AC55: 5 | AD55: SI
A56: ICE5107 | B56: ICE | C56: 5107 | D56: Fundamentos de Energias Renovables | H56: 9 | L56: 3 | O56: 2 | P56: 2 | Q56: 1 | R56: 2 | S56: =SUM(L56:R56) -> 10 | T56: =ROUND(S56*S$1/T$1,0) -> 6 | U56: Optical Systems, Conversión de Energía | V56: Ec,Ob | X56: ✔
A57: ICA7000 | B57: ICA | C57: 7000 | D57: Fundamentos de Ingeniería de Procesos | J57: * | K57: 5 | L57: 3 | M57: 2 | O57: 2 | R57: 3 | S57: =SUM(L57:R57) -> 10 | T57: =ROUND(S57*S$1/T$1,0) -> 6 | U57: Termodinámica y Biología de los Microorganismos | W57: 201710 | X57: ✔ | Z57: Fundamentos de Ingeniería de Procesos (ICA 7000) | AB57: NA | AC57: 6 | AD57: SI
A58: ING1102 | B58: ING | C58: 1102 | D58: Fundamentos de Química | E58: 1 | F58: 1 | G58: 1 | H58: 1 | I58: 1 | J58: 1 | L58: 3 | M58: 2 | N58: 2 | R58: 2 | S58: =SUM(L58:R58) -> 9 | T58: =ROUND(S58*S$1/T$1,0) -> 5 | V58: Ea | W58: 201610 | X58: ✔ | Y58: ✔ | AA58: Química General (7) | AB58: Química General (7) | AC58: 5 | AD58: SI
A59: ICA6110 | B59: ICA | C59: 6110 | D59: Gestión Ambiental y Producción Limpia | J59: 11 | L59: 3 | M59: 2 | O59: 1 | Q59: 1 | R59: 3 | S59: =SUM(L59:R59) -> 10 | T59: =ROUND(S59*S$1/T$1,0) -> 6 | U59: Legislación y Evaluación de Impacto Ambiental, Economía Ambiental y de los Recursos Naturales | V59: Ob | W59: 202010 | X59: ✔ | Z59: Gestión Ambiental y Producción Limpia (ICA6101) | AB59: NA | AC59: 6 | AD59: SI
A60: ICI4101 | B60: ICI | C60: 4101 | D60: Gestión de Operaciones | F60: 7 | L60: 3 | M60: 2 | O60: 1 | P60: 1 | Q60: 1 | R60: 2 | S60: =SUM(L60:R60) -> 10 | T60: =ROUND(S60*S$1/T$1,0) -> 6 | U60: Programación Matemática | V60: Ib | W60: 201810 | X60: ✔ | Y60: ✔ | AB60: Gestión de Operaciones | AC60: 6 | AD60: SI
A61: ICI1000 | B61: ICI | C61: 1000 | D61: Gestión de Operaciones en Servicios | F61: 9g | L61: 3 | O61: 2 | P61: 1 | Q61: 1 | R61: 3 | S61: =SUM(L61:R61) -> 10 | T61: =ROUND(S61*S$1/T$1,0) -> 6 | U61: Licenciatura | V61: Ib,Oa | W61: 201910 | X61: ✔ | AB61: Gestión de Operaciones en Servicios | AC61: 6 | AD61: SI
A62: ICI4204 | B62: ICI | C62: 4204 | D62: Gestión de Personas y Desarrollo Organizacional | F62: 8 | L62: 3 | O62: 2 | P62: 1 | Q62: 1 | R62: 3 | S62: =SUM(L62:R62) -> 10 | T62: =ROUND(S62*S$1/T$1,0) -> 6 | U62: Contabilidad y Control de Gestión | W62: 201820 | X62: ✔ | Y62: ✔ | AB62: Diseño Organizacional de RR HH | AC62: 6 | AD62: SI
A63: ICC5150 | B63: ICC | C63: 5150 | D63: Gestión de Proyectos de Software | I63: 10 | L63: 2 | O63: 4 | P63: 1 | Q63: 1 | R63: 2 | S63: 10 | T63: 6 | U63: Proyecto de Desarrollo de Software | W63: 201920 | Y63: ✔ | AB63: PROCESOS Y GESTION DE PROYECT | AC63: 6 | AD63: SI
A64: ICI5201 | B64: ICI | C64: 5201 | D64: Gestión Estratégica | F64: 10 | L64: 4 | O64: 2 | Q64: 2 | R64: 2 | S64: =SUM(L64:R64) -> 10 | T64: =ROUND(S64*S$1/T$1,0) -> 6 | U64: Licenciatura | V64: Ib | W64: 201920 | X64: ✔ | Y64: ✔ | AB64: Gestión Estratégica | AC64: 6 | AD64: SI
A65: ICA5110 | B65: ICA | C65: 5110 | D65: Gestión Residuos Sólidos y Remediación de Suelos | J65: 9 | L65: 3 | N65: 1 | P65: 1 | Q65: 1 | R65: 4 | S65: =SUM(L65:R65) -> 10 | T65: =ROUND(S65*S$1/T$1,0) -> 6 | U65: Ingeniería de Bioprocesos Ambientales | V65: Ec | W65: 201920 | X65: ✔ | Z65: Gestión Residuos Sólidos y Remediación de Suelos (ICA5101) | AB65: NA | AC65: 6 | AD65: SI
A66: IOC4103 | B66: IOC | C66: 4103 | D66: Hidráulica | G66: 7 | J66: 7 | K66: 6 | L66: 3 | M66: 2 | N66: 1 | O66: 1 | R66: 3 | S66: =SUM(L66:R66) -> 10 | T66: =ROUND(S66*S$1/T$1,0) -> 6 | U66: Fluids Mechanics | W66: 201810 | X66: ✔ | Y66: ✔ | AB66: Mecánica de Fluidos Aplicada | AC66: 6 | AD66: SI
A67: IOC5105 | B67: IOC | C67: 5105 | D67: Hidráulica Urbana | G67: 9i | L67: 3 | M67: 2 | O67: 2 | R67: 3 | S67: 10 | T67: 6 | U67: Hidrología | W67: 201910 | X67: ✔ | AB67: Hidráulica Urbana | AC67: 6 | AD67: SI
A68: IOC4203 | B68: IOC | C68: 4203 | D68: Hidrología | G68: 8 | J68: 8 | K68: 7 | L68: 3 | M68: 2 | Q68: 1 | R68: 4 | S68: 10 | T68: 6 | U68: Probabilidades y Estadística, Hidraúlica | W68: 201720 | X68: ✔ | Y68: ✔ | AB68: Hidrología | AC68: 6 | AD68: SI
A69: IOC4101 | B69: IOC | C69: 4101 | D69: Hormigón Armado | G69: 7 | L69: 3 | M69: 2 | O69: 1 | Q69: 1 | R69: 3 | S69: 10 | T69: 6 | U69: Análisis Estructural | V69: Ec, Ib | W69: 201810 | X69: ✔ | AB69: Estructuras de Hormigón Armado | AC69: 6 | AD69: SI
A70: IOC5205 | B70: IOC | C70: 5205 | D70: Hormigón Armado Avanzado | G70: 10e | L70: 3 | M70: 2 | O70: 1 | P70: 1 | R70: 3 | S70: 10 | T70: 6 | U70: 240 SCT Aprobados en total | V70: Ob | W70: 201920 | Y70: ✔ | AB70: Hormigón Armado Avanzado | AC70: 6 | AD70: SI
A71: ICA4230 | B71: ICA | C71: 4230 | D71: Ingeniería de Bioprocesos Ambientales | J71: 8 | K71: 7 | L71: 3 | M71: 2 | N71: 1 | Q71: 1 | R71: 3 | S71: =SUM(L71:R71) -> 10 | T71: =ROUND(S71*S$1/T$1,0) -> 6 | U71: Microbiología Industrial y Ambiental, Balances de Materia y Energía para ICA ó Para alumnos de la CT Microbiología Industrial y Ambienta y Fundamentos de Ingeniería de Procesos | V71: Ib, Ec | W71: 201810 | X71: ✔ | Y71: ✔ | Z71: Ingeniería de Bioprocesos Ambientales (ICA4204) | AB71: PROCESOS QUIMICOS | AC71: 6 | AD71: SI
A72: IOC5207 | B72: IOC | C72: 5207 | D72: Ingeniería Vial | G72: 10i | L72: 3 | M72: 2 | O72: 2 | R72: 3 | S72: 10 | T72: 6 | U72: Métodos y Técnicas de Construcción, Sistemas de Transporte | W72: 201920 | Y72: ✔ | AB72: Ingeniería Vial | AC72: 6 | AD72: SI
A73: IOC4010 | B73: IOC | C73: 4010 | D73: Ingeniería y Gestión del Tránsito | K73: 5 | L73: 3 | M73: 2 | O73: 2 | R73: 3 | S73: =SUM(L73:R73) -> 10 | T73: =ROUND(S73*S$1/T$1,0) -> 6 | U73: Probabilidades y Estadística | W73: 201910 | X73: ✔ | AB73: Ingeniería de Tránsito | AC73: 6 | AD73: SI
A74: ICI5102 | B74: ICI | C74: 5102 | D74: Instrumentos Financieros | F74: 9 | L74: 3 | M74: 2 | O74: 1 | R74: 4 | S74: =SUM(L74:R74) -> 10 | T74: =ROUND(S74*S$1/T$1,0) -> 6 | U74: Licenciatura | V74: Ec | W74: 201910 | X74: ✔ | Y74: ✔ | AB74: Instrumentos Financieros | AC74: 6 | AD74: SI
A75: IOC3204 | B75: IOC | C75: 3204 | D75: Introducción a la Geomecánica | G75: 7 | L75: 3 | M75: 2 | N75: 1 | Q75: 2 | R75: 3 | S75: =SUM(L75:R75) -> 11 | T75: =ROUND(S75*S$1/T$1,0) -> 7 | U75: Mecánica de Materiales | W75: 201720 | X75: ✔ | AB75: Introducción a la Geomecánica | AC75: 6 | AD75: SI
A76: ICC4204 | B76: ICC | C76: 4204 | D76: Introducción a la Ingeniería de Software | I76: 8 | L76: 3 | O76: 4 | P76: 1 | Q76: 1 | R76: 1 | S76: 10 | T76: 6 | U76: Web technologies | V76: Ec | W76: 201820 | Y76: ✔ | AB76: Introducción a la Ingeniería en Software | AC76: 6 | AD76: SI
A77: ING1203 | B77: ING | C77: 1203 | D77: Introducción a la Mecánica | E77: 2 | F77: 2 | G77: 2 | H77: 2 | I77: 2 | J77: 2 | L77: 4 | M77: 2 | N77: 1 | R77: 3 | S77: =SUM(L77:R77) -> 10 | T77: =ROUND(S77*S$1/T$1,0) -> 6 | U77: Álgebra e Introducción al Cálculo | W77: 201620 | X77: ✔ | Y77: ✔ | AA77: Física General I (7) | AB77: Física General I (7) | AC77: 6 | AD77: SI
A78: ICE4102 | B78: ICE | C78: 4102 | D78: Introducción a las Comunicaciones | H78: 7 | L78: 3 | N78: 1 | O78: 1 | P78: 1 | Q78: 1 | R78: 3 | S78: =SUM(L78:R78) -> 10 | T78: =ROUND(S78*S$1/T$1,0) -> 6 | U78: Procesamiento de Señales, Probabilidades y Estadística | V78: Ib, Ec | W78: 201810 | X78: ✔ | AB78: Introducción a las Comunicaciones | AC78: 6 | AD78: SI
A79: ICA5130 | B79: ICA | C79: 5130 | D79: Legislación y Evaluación de Impacto Ambiental | J79: 9 | L79: 3 | O79: 3 | P79: 1 | Q79: 1 | R79: 2 | S79: =SUM(L79:R79) -> 10 | T79: =ROUND(S79*S$1/T$1,0) -> 6 | U79: Ingeniería de Bioprocesos Ambientales | V79: Oa | W79: 201910 | X79: ✔ | Z79: Legislación y Evaluación de Impacto Ambiental (ICA5103) | AB79: NA | AC79: 6 | AD79: SI
A80: ICI5103 | B80: ICI | C80: 5103 | D80: Logistics | F80: 9 | L80: 3 | M80: 2 | O80: 2 | P80: 1 | R80: 2 | S80: =SUM(L80:R80) -> 10 | T80: =ROUND(S80*S$1/T$1,0) -> 6 | U80: Licenciatura | V80: Ic(Oa) | W80: 201910 | X80: ✔ | Y80: ✔ | AB80: Logística | AC80: 6 | AD80: SI
A81: ICI4203 | B81: ICI | C81: 4203 | D81: Macroeconomía | F81: 8 | L81: 3 | M81: 2 | O81: 1 | Q81: 1 | R81: 3 | S81: =SUM(L81:R81) -> 10 | T81: =ROUND(S81*S$1/T$1,0) -> 6 | U81: Fundamentos de Economía | W81: 201820 | X81: ✔ | Y81: ✔ | AB81: Macroeconomía | AC81: 6 | AD81: SI
A82: ICA4120 | B82: ICA | C82: 4120 | D82: Máquinas de Transformación Física y Química | J82: 7 | L82: 3 | M82: 2 | N82: 0 | R82: 5 | S82: =SUM(L82:R82) -> 10 | T82: =ROUND(S82*S$1/T$1,0) -> 6 | U82: Métodos Numéricos, Transferencia de Calor | W82: 201810 | X82: ✔ | Z82: Máquinas de Transformación Física y Química (ICA4102) | AB82: NA | AC82: 6 | AD82: SI
A83: ICI4102 | B83: ICI | C83: 4102 | D83: Marketing | F83: 7 | L83: 3 | O83: 2 | P83: 1 | Q83: 1 | R83: 3 | S83: =SUM(L83:R83) -> 10 | T83: =ROUND(S83*S$1/T$1,0) -> 6 | U83: Métodos Estadísticos para la Gestión | V83: Ic(Ea) | W83: 201810 | X83: ✔ | Y83: ✔ | AB83: Marketing | AC83: 6 | AD83: SI
A84: IOC4102 | B84: IOC | C84: 4102 | D84: Materiales de Construcción | G84: 6 | L84: 3 | N84: 2 | Q84: 1 | R84: 4 | S84: =SUM(L84:R84) -> 10 | T84: =ROUND(S84*S$1/T$1,0) -> 6 | U84: Fundamentos de Química | V84: Ib | W84: 201810 | Y84: ✔ | AB84: Materiales de Construcción | AC84: 6 | AD84: SI
A85: IOC3101 | B85: IOC | C85: 3101 | D85: Mecánica de Materiales | G85: 5 | L85: 3 | M85: 2 | O85: 1 | Q85: 1 | R85: 3 | S85: =SUM(L85:R85) -> 10 | T85: =ROUND(S85*S$1/T$1,0) -> 6 | U85: Ecuaciones Diferenciales (p), Estática | V85: Ib | W85: 201710 | X85: ✔ | AA85: Mecánica de Materiales (6) | AB85: Mecánica de Materiales | AC85: 6 | AD85: SI
A86: ING2103 | B86: ING | C86: 2103 | D86: Mecánica y Ondas | E86: 3 | F86: 3 | G86: 3 | H86: 3 | I86: 3 | J86: 3 | L86: 4 | M86: 2 | N86: 1 | R86: 3 | S86: =SUM(L86:R86) -> 10 | T86: =ROUND(S86*S$1/T$1,0) -> 6 | U86: Introducción a la Mecánica | V86: Eb | W86: 201710 | X86: ✔ | Y86: ✔ | AA86: Física General II (6) | AB86: Física General II (6) | AC86: 6 | AD86: SI
A87: ICE5105 | B87: ICE | C87: 5105 | D87: Mercados Eléctricos | H87: 9 | L87: 4 | O87: 2 | R87: 4 | S87: =SUM(L87:R87) -> 10 | T87: =ROUND(S87*S$1/T$1,0) -> 6 | U87: Potencia Electrica | X87: ✔ | AC87: no disponible | AD87: NO
A88: IOC4201 | B88: IOC | C88: 4201 | D88: Métodos Computacionales en Obras Civiles | G88: 8 | L88: 3 | N88: 2 | O88: 6 | P88: 1 | Q88: 1 | R88: 2 | S88: =SUM(L88:R88) -> 15 | T88: =ROUND(S88*S$1/T$1,0) -> 9 | U88: Hormigón Armado, Hidraúlica, Métodos Numéricos | V88: Ec | W88: 201820 | Y88: ✔ | AB88: NA | AC88: 9 | AD88: SI
A89: ICI3102 | B89: ICI | C89: 3102 | D89: Métodos Estadísticos para la Gestión | F89: 5 | K89: 5 | L89: 3 | M89: 2 | O89: 1 | R89: 4 | S89: =SUM(L89:R89) -> 10 | T89: =ROUND(S89*S$1/T$1,0) -> 6 | U89: Probabilidades y Estadística | V89: Ec | W89: 201710 | X89: ✔ | Y89: ✔ | AB89: NA | AC89: 6 | AD89: SI
A90: IOC3103 | B90: IOC | C90: 3103 | D90: Métodos Numéricos | G90: 5 | L90: 3 | N90: 2 | O90: 1 | R90: 4 | S90: =SUM(L90:R90) -> 10 | T90: =ROUND(S90*S$1/T$1,0) -> 6 | U90: Programación, Cálculo II | W90: 201710 | X90: ✔ | AB90: Cálculo Numérico | AC90: 6 | AD90: SI
A91: IOC4202 | B91: IOC | C91: 4202 | D91: Métodos y Técnicas de Construcción | G91: 8 | L91: 3 | O91: 1 | Q91: 2 | R91: 4 | S91: =SUM(L91:R91) -> 10 | T91: =ROUND(S91*S$1/T$1,0) -> 6 | U91: Topografía Aplicada, Materiales de Construcción | W91: 201820 | Y91: ✔ | AB91: NA | AC91: 6 | AD91: SI
A92: ICA3240 | B92: ICA | C92: 3240 | D92: Microbiología Industrial y Ambiental | J92: 5 | K92: 6 | L92: 3 | N92: 1 | O92: 2 | Q92: 1 | R92: 3 | S92: =SUM(L92:R92) -> 10 | T92: =ROUND(S92*S$1/T$1,0) -> 6 | U92: Biología de los Microorganismos, Termodinámica. Para alumnos de la concentración tecnológica: Fundamentos de Ingeniería de Procesos | V92: Ec | W92: 201720 | X92: ✔ | Y92: ✔ | Z92: Microbiología Industrial y Ambiental (ICA3204) | AB92: NA | AC92: 6 | AD92: SI
A93: ICI3204 | B93: ICI | C93: 3204 | D93: Microeconomía | F93: 6 | L93: 3 | M93: 2 | O93: 1 | R93: 4 | S93: =SUM(L93:R93) -> 10 | T93: =ROUND(S93*S$1/T$1,0) -> 6 | U93: Fundamentos de Economía | V93: Ia | W93: 201720 | X93: ✔ | Y93: ✔ | AB93: Microeconomía | AC93: 6 | AD93: SI
A94: ICI2000 | B94: ICI | C94: 2000 | D94: Modelamiento | F94: 10g | L94: 3 | O94: 2 | P94: 1 | Q94: 1 | R94: 3 | S94: =SUM(L94:R94) -> 10 | T94: =ROUND(S94*S$1/T$1,0) -> 6 | U94: Licenciatura | W94: 201920 | Y94: ✔ | AB94: Modelamiento | AC94: 6 | AD94: SI
A95: ICI3201 | B95: ICI | C95: 3201 | D95: Modelos Estocásticos | F95: 6 | K95: 7 | L95: 3 | M95: 2 | O95: 1 | R95: 4 | S95: =SUM(L95:R95) -> 10 | T95: =ROUND(S95*S$1/T$1,0) -> 6 | U95: Probabilidades y Estadística, Optimización(p) | W95: 201720 | X95: ✔ | Y95: ✔ | AB95: Modelos Estocásticos | AC95: 6 | AD95: SI
A96: ICA5150 | B96: ICA | C96: 5150 | D96: Obras Civiles Sanitarias | J96: 9 | L96: 3 | M96: 2 | N96: 0 | O96: 2 | R96: 3 | S96: =SUM(L96:R96) -> 10 | T96: =ROUND(S96*S$1/T$1,0) -> 6 | U96: Hidrología | W96: 201810 | X96: ✔ | Z96: Obras Civiles Sanitarias (ICA4202) | AB96: NA | AC96: 6 | AD96: SI
A97: ICE3203 | B97: ICE | C97: 3203 | D97: Optical Systems | H97: 6 | L97: 3 | N97: 2 | R97: 5 | S97: =SUM(L97:R97) -> 10 | T97: =ROUND(S97*S$1/T$1,0) -> 6 | U97: Electricidad y Magnetismo | V97: Ic(Ec) | W97: 201720 | Y97: ✔ | AB97: Optica | AC97: 6 | AD97: SI
A98: ICI3101 | B98: ICI | C98: 3101 | D98: Optimización | F98: 5 | G98: 5 | K98: 6* | L98: 3 | M98: 2 | O98: 1 | R98: 4 | S98: =SUM(L98:R98) -> 10 | T98: =ROUND(S98*S$1/T$1,0) -> 6 | U98: Cálculo II | W98: 201710 | X98: ✔ | Y98: ✔ | AA98: Introducción a la Optimización (6) | AB98: Introducción a la Optimización (6) | AC98: 6 | AD98: SI
A99: ICI5101 | B99: ICI | C99: 5101 | D99: Organización Industrial | F99: 9 | L99: 3 | M99: 2 | O99: 1 | R99: 4 | S99: =SUM(L99:R99) -> 10 | T99: =ROUND(S99*S$1/T$1,0) -> 6 | U99: Licenciatura | W99: 201910 | X99: ✔ | Y99: ✔ | AB99: Organización Industrial | AC99: 6 | AD99: SI
A100: ICC3100 | B100: ICC | C100: 3100 | D100: Paradigmas de Programación | I100: 5 | K100: 5 | L100: 2 | N100: 2 | O100: 4 | R100: 2 | S100: 10 | T100: 6 | U100: Programación | W100: 201710 | X100: ✔ | Y100: ✔ | Z100: Programación Orientada a Objetos | AA100: Programación Avanzada (6) | AB100: Programación Avanzada (6) | AC100: 6 | AD100: SI
...

Sheet Malla base
B2: Año 1 | J2: Año 2 | R2: Año 3 | Z2: Año 4 | AI2: Año 5 | AQ2: Año 6
B3: 1 | F3: 2 | J3: 1 | N3: 2 | R3: 1 | V3: 2 | Z3: 1 | AD3: 2 | AI3: 1 | AM3: 2 | AQ3: 1
A4: Curso 1 | B4: 1 | C4: 10 | D4: - | E4: - | F4: 8 | G4: 6 | H4: - | I4: 1,4,3 | J4: 14 | K4: 6 | L4: - | M4: 3,8,9 | N4: 20 | O4: 6 | P4: - | Q4: 15 | R4: 26 | S4: 6 | V4: 32 | W4: 6 | Z4: 38 | AA4: 6 | AD4: 43 | AE4: 9 | AI4: 48 | AJ4: 6 | AM4: 53 | AN4: 6 | AQ4: 60 | AR4: 6
B5: Álgebra e Introducción al Cálculo | F5: Álgebra Lineal | J5: Ecuaciones Diferenciales | N5: Probabilidades y Estadística | R5: Licenciatura Especialidad | V5: Licenciatura Especialidad | Z5: Licenciatura Especialidad | AD5: Proyecto Licenciatura | AI5: Especialidad | AM5: Especialidad | AQ5: Electivo Especialidad
A6: Curso 2 | B6: 2 | C6: 5 | D6: Ea | E6: - | F6: 9 | G6: 6 | H6: - | I6: 1,4 | J6: 15 | K6: 6 | L6: - | M6: 3.9 | N6: 21 | O6: 6 | P6: Eb | Q6: 15,16 | R6: 27 | S6: 6 | V6: 33 | W6: 6 | Z6: 39 | AA6: 6 | AD6: 44 | AE6: 6 | AI6: 49 | AJ6: 6 | AM6: 54 | AN6: 6 | AQ6: 61 | AR6: 6
B7: Fundamentos de Química | F7: Cálculo I | J7: Cálculo II | N7: Electricidad y Magnetismo | R7: Licenciatura Especialidad | V7: Licenciatura Especialidad | Z7: Licenciatura Especialidad | AD7: Licenciatura Especialidad | AI7: Especialidad | AM7: Especialidad | AQ7: Electivo Especialidad
A8: Curso 3 | B8: 3 | C8: 5 | D8: - | E8: - | F8: 10 | G8: 6 | H8: - | I8: 1 | J8: 16 | K8: 6 | L8: Eb | M8: 10 | N8: 22 | O8: 5 | P8: Eb | Q8: 2,15,16 | R8: 28 | S8: 6 | V8: 34 | W8: 6 | Z8: 40 | AA8: 6 | AD8: 45 | AE8: 6 | AI8: 50 | AJ8: 6 | AM8: 55 | AN8: 4 | AO8: Ec,Ob | AP8: 276 cr | AQ8: 62 | AR8: 18 | AS8: Ec, Ob | AT8: 55
B9: Programación | F9: Introducción a la Mecánica | J9: Mecánica y Ondas | N9: Termodinámica | R9: Licenciatura Especialidad | V9: Licenciatura Especialidad | Z9: Licenciatura Especialidad | AD9: Licenciatura Especialidad | AI9: Especialidad | AM9: Proyecto de Título 1 | AQ9: Proyecto de Título 2
A10: Curso 4 | B10: 4 | C10: 1 | D10: - | E10: - | F10: 11 | G10: 5 | H10: Ea | I10: 4 | J10: 17 | K10: 5 | L10: Ia | M10: 1 | N10: 23 | O10: 6 | P10: - | Q10: 9,16 | R10: 29 | S10: 6 | V10: 35 | W10: 6 | Z10: 41 | AA10: 6 | AD10: 46 | AE10: 6 | AI10: 51 | AJ10: 6 | AM10: 56 | AN10: 6
B11: Bases para el Estudio de Ingeniería | F11: Biología de los Microorganismos | J11: Fundamentos de Economía | N11: Estática | R11: Concentración Tecnológica | V11: Licenciatura Especialidad | Z11: Concentración Tecnológica | AD11: Licenciatura Especialidad | AI11: Mención/Electivo Especialidad | AM11: Mención/Electivo Especialidad
A12: Curso 5 | B12: 5 | C12: 3 | E12: - | N12: 24 | O12: 3 | Q12: 7 | V12: 36 | W12: 6 | Z12: 42 | AA12: 6 | AB12: Ib(Ea) | AC12: 150 cr | AI12: 52 | AJ12: 6 | AM12: 57 | AN12: 6
B13: Taller de Proyectos de Ingeniería | N13: Ética | V13: Concentración Tecnológica | Z13: Pensamiento de Diseño Aplicado a Ingeniería | AI13: Mención/Electivo Especialidad | AM13: Mención/Electivo Especialidad
A14: Curso 6 | B14: 6 | C14: 3 | D14: - | E14: - | F14: 12 | G14: 3 | H14: - | I14: 6 | J14: 18 | K14: 3 | L14: - | M14: 12 | N14: 25 | O14: 4 | P14: - | Q14: - | R14: 30 | S14: 3 | T14: - | U14: 24 | AD14: 47 | AE14: 3 | AF14: - | AG14: - | AM14: 58 | AN14: 2 | AO14: Ec,Ia | AP14: 270cr
B15: Teología I | F15: Teología II | J15: Teología III | N15: Minor | R15: Filosofía de las Ciencias | AD15: Optativo Arte y Literatura/Historia y Pensamiento Contemporáneo | AM15: Seminario Ética Profesional
A16: Curso 7 | B16: 7 | C16: 3 | D16: - | E16: - | F16: 13 | G16: 3 | H16: - | I16: - | J16: 19 | K16: 4 | L16: - | M16: - | R16: 31 | S16: 4 | T16: - | U16: -
B17: Antropología Filosófica | F17: Optativo Arte y Literatura/Historia y Pensamiento Contemporáneo | J17: Minor | R17: Minor
X18: 37 | Y18: 12 | Z18: Ic(Ea) | AA18: 170 cr | AO18: 59 | AP18: 12 | AQ18: Ic(Eb, Ob) | AR18: 282 cr
E19: * | F19: APR | X19: Pre-Professional Practice | AO19: Professional Practice
E20: Inglés ALTE 3
B22: # | C22: SCT | D22: HT | E22: Req.
B23: Nombre Curso

Sheet ICI Malla
B2: Año 1 | J2: Año 2 | R2: Año 3 | Z2: Año 4 | AI2: Año 5 | AQ2: Año 6
B3: 1 | F3: 2 | J3: 1 | N3: 2 | R3: 1 | V3: 2 | Z3: 1 | AD3: 2 | AI3: 1 | AM3: 2 | AQ3: 1
A4: Curso 1 | B4: 1 | C4: 10 | D4: ='Malla base'!D4 -> - | E4: - | F4: 8 | G4: 6 | H4: - | I4: 1,4,3 | J4: 14 | K4: 6 | L4: - | M4: 3,8,9 | N4: 20 | O4: 6 | P4: - | Q4: 15 | R4: 26 | S4: 6 | U4: 15 | V4: 32 | W4: 6 | Y4: 20,26 | Z4: 38 | AA4: 6 | AB4: Ib | AC4: 33 | AD4: 43 | AE4: 9 | AF4: Ec | AG4: 32,38,40 | AI4: 48 | AJ4: 6 | AL4: Lic | AM4: 53 | AN4: 6 | AO4: Ib | AP4: Lic | AQ4: 60 | AR4: 6
B5: Álgebra e Introducción al Cálculo | F5: Álgebra Lineal | J5: Ecuaciones Diferenciales | N5: Probabilidades y Estadística | R5: Optimización | V5: Modelos Estocásticos | Z5: Gestión de Operaciones | AD5: Diseño y Evaluación de Proyectos Industriales | AI5: Organización Industrial | AM5: Gestión Estratégica | AQ5: Electivo Especialidad
A6: Curso 2 | B6: 2 | C6: 5 | D6: ='Malla base'!D6 -> Ea | E6: - | F6: 9 | G6: 6 | H6: - | I6: 1,4 | J6: 15 | K6: 6 | L6: - | M6: 3,9 | N6: 21 | O6: 6 | P6: ='Malla base'!P6 -> Eb | Q6: 15,16 | R6: 27 | S6: 6 | T6: Ec | U6: 20 | V6: 33 | W6: 6 | Y6: 20,26 | Z6: 39 | AA6: 6 | AB6: Ic(Ea) | AC6: 27 | AD6: 44 | AE6: 6 | AG6: 27,32 | AI6: 49 | AJ6: 6 | AK6: Ec | AL6: Lic | AM6: 54 | AN6: 6 | AP6: Lic | AQ6: 61 | AR6: 6
B7: Fundamentos de Química | F7: Cálculo I | J7: Cálculo II | N7: Electricidad y Magnetismo | R7: Métodos Estadísticos para la Gestión | V7: Programación Matemática | Z7: Marketing | AD7: Simulación | AI7: Instrumentos Financieros | AM7: Econometría | AQ7: Electivo Mención
A8: Curso 3 | B8: 3 | C8: 5 | D8: - | E8: - | F8: 10 | G8: 6 | H8: ='Malla base'!H8 -> - | I8: 1 | J8: 16 | K8: 6 | L8: ='Malla base'!L8 -> Eb | M8: 10 | N8: 22 | O8: 5 | P8: ='Malla base'!P8 -> Eb | Q8: 2,15,16 | R8: 28 | S8: 6 | U8: 3 | V8: 34 | W8: 6 | Y8: 17 | Z8: 40 | AA8: 6 | AC8: 17,34 | AD8: 45 | AE8: 6 | AG8: 17 | AI8: 50 | AJ8: 6 | AK8: Ic(Oa) | AL8: Lic | AM8: 55 | AN8: 4 | AP8: 276 cr | AQ8: 62 | AR8: 18 | AT8: 55
B9: Programación | F9: Introducción a la Mecánica | J9: Mecánica y Ondas | N9: Termodinámica | R9: Bases de Datos | V9: Contabilidad y Control de Gestión | Z9: Finanzas | AD9: Macroeconomía | AI9: Logistics | AM9: Proyecto de Título 1 | AQ9: Proyecto de Título 2
A10: Curso 4 | B10: 4 | C10: 1 | D10: - | E10: - | F10: 11 | G10: 5 | H10: ='Malla base'!H10 -> Ea | I10: 4 | J10: 17 | K10: 5 | L10: ='Malla base'!L10 -> Ia | M10: 1 | N10: 23 | O10: 6 | P10: - | Q10: 9,16 | R10: 29 | S10: 6 | V10: 35 | W10: 6 | X10: Ia | Y10: 17 | Z10: 41 | AA10: 6 | AD10: 46 | AE10: 6 | AG10: 34 | AI10: 51 | AJ10: 6 | AM10: 56 | AN10: 6
B11: Bases para el Estudio de Ingeniería | F11: Biología de los Microorganismos | J11: Fundamentos de Economía | N11: Estática | R11: Concentración Tecnológica | V11: Microeconomía | Z11: Concentración Tecnológica | AD11: Gestión de Personas y Desarrollo Organizacional | AI11: Mención | AM11: Mención
A12: Curso 5 | B12: 5 | C12: 3 | E12: - | N12: 24 | O12: 3 | Q12: 7 | V12: 36 | W12: 6 | Z12: 42 | AA12: 6 | AB12: Ib(Ea) | AC12: 150 cr | AI12: 52 | AJ12: 6 | AM12: 57 | AN12: 6
B13: Taller de Proyectos de Ingeniería | N13: Ética | V13: Concentración Tecnológica | Z13: Pensamiento de Diseño Aplicado a Ingeniería | AI13: Electivo Especialidad | AM13: Mención
A14: Curso 6 | B14: 6 | C14: 3 | D14: - | E14: - | F14: 12 | G14: 3 | H14: - | I14: 6 | J14: 18 | K14: 3 | L14: - | M14: 12 | N14: 25 | O14: 4 | P14: - | Q14: - | R14: 30 | S14: 3 | T14: - | U14: 24 | AD14: 47 | AE14: 3 | AF14: - | AG14: - | AM14: 58 | AN14: 2 | AO14: Ec | AP14: 270 cr
B15: Teología I | F15: Teología II | J15: Teología III | N15: Minor | R15: Filosofía de las Ciencias | AD15: Optativo Arte y Literatura/Historia y Pensamiento Contemporáneo | AM15: Seminario Ética Profesional
A16: Curso 7 | B16: 7 | C16: 3 | D16: - | E16: - | F16: 13 | G16: 3 | H16: - | I16: - | J16: 19 | K16: 4 | L16: - | M16: - | R16: 31 | S16: 4 | T16: - | U16: -
B17: Antropología Filosófica | F17: Optativo Arte y Literatura/Historia y Pensamiento Contemporáneo | J17: Minor | R17: Minor
X18: 37 | Y18: 12 | Z18: ='Malla base'!Z18 -> Ic(Ea) | AA18: 170 cr | AO18: 59 | AP18: 12 | AQ18: ='Malla base'!AQ18 -> Ic(Eb, Ob) | AR18: 282 cr
E19: * | F19: APR | X19: Pre-Professional Practice | AO19: Professional Practice
E20: Inglés ALTE 3
B22: # | C22: SCT | D22: HT | E22: Req.
B23: Nombre Curso
B24: Año 1 | J24: Año 2 | R24: Año 3 | Z24: Año 4 | AI24: Año 5 | AQ24: Año 6
B25: =C4+C6+C8+C10+C12+C14+C16+G4+G6+G8+G10+G14+G16 -> 59 | J25: =K4+K6+K8+K10+K14+K16+O4+O6+O8+O10+O14+O12 -> 60 | R25: =S4+S6+S8+S10+S14+S16+W4+W6+W8+W10+W12+Y18 -> 73 | Z25: =AA4+AA6+AA8+AA10+AA12+AA14+AE4+AE6+AE8+AE10+AE14 -> 60 | AI25: =AJ4+AJ6+AJ8+AJ10+AJ12+AN4+AN6+AN8+AN10+AN12+AN14+AP18 -> 72 | AQ25: =AR4+AR6+AR8 -> 30

Sheet ICI Lic
A2: Sem | B2: 1 | C2: 10 | D2: - | E2: 2 | F2: 5 | G2: - | H2: 3 | I2: 5 | J2: - | K2: 4 | L2: 1 | M2: - | N2: 5 | O2: 3 | P2: - | R2: 6 | S2: 3 | T2: - | U2: 7 | V2: 3 | W2: -
A3: 1 | B3: Álgebra e Introducción al Cálculo | E3: Fundamentos de Química | H3: Programación | K3: Bases para el Estudio de Ingeniería | N3: Taller de Proyectos de Ingeniería | R3: Teología I | U3: Antropología Filosófica | Z3: * | AA3: APR
Z4: Inglés ALTE 3
B5: 8 | C5: 6 | D5: 1,4,3 | E5: 9 | F5: 6 | G5: 1,4 | H5: 10 | I5: 6 | J5: 1 | K5: 11 | L5: 5 | M5: 4 | R5: 12 | S5: 3 | T5: 6 | U5: 13 | V5: 3 | W5: -
A6: 2 | B6: Álgebra Lineal | E6: Cálculo I | H6: Introducción a la Mecánica | K6: Biología de los Microorganismos | R6: Teología II | U6: Opt. Arte y Lit./Hist. y Pens. Cont.
B8: 14 | C8: 6 | D8: 3,8,9 | E8: 15 | F8: 6 | G8: 3,9 | H8: 16 | I8: 6 | J8: 10 | K8: 17 | L8: 5 | M8: 1 | R8: 18 | S8: 3 | T8: 12 | U8: 19 | V8: 4 | W8: -
A9: 3 | B9: Ecuaciones Diferenciales | E9: Cálculo II | H9: Mecánica y Ondas | K9: Fundamentos de Economía | R9: Teología III | U9: Minor
B11: 20 | C11: 6 | D11: 15 | E11: 21 | F11: 6 | G11: 15,16 | H11: 22 | I11: 5 | J11: 2,15,16 | K11: 23 | L11: 6 | M11: 9,16 | N11: 24 | O11: 3 | P11: 7 | R11: 25 | S11: 4 | T11: -
A12: 4 | B12: Probabilidades y Estadística | E12: Electricidad y Magnetismo | H12: Termodinámica | K12: Estática | N12: Ética | R12: Minor
B14: 26 | C14: 6 | D14: 15 | E14: 27 | F14: 6 | G14: 20 | H14: 28 | I14: 6 | J14: 3 | K14: 29 | L14: 6 | R14: 30 | S14: 3 | T14: 24 | U14: 31 | V14: 4 | W14: -
A15: 5 | B15: Optimización | E15: Métodos Estadísticos para la Gestión | H15: Bases de Datos | K15: Concentración Tecnológica | R15: Filosofía de las Ciencias | U15: Minor
B17: 32 | C17: 6 | D17: 20,26 | E17: 33 | F17: 6 | G17: 20,26 | H17: 34 | I17: 6 | J17: 17 | K17: 35 | L17: 6 | M17: 17 | N17: 36 | O17: 6
A18: 6 | B18: Modelos Estocásticos | E18: Programación Matemática | H18: Contabilidad y Control de Gestión | K18: Microeconomía | N18: Concentración Tecnológica
U19: 37 | V19: 12 | W19: 170 cr
U20: Pre-Professional Practice
B21: 38 | C21: 6 | D21: 33 | E21: 39 | F21: 6 | G21: 27 | H21: 40 | I21: 6 | J21: 17, 34 | K21: 41 | L21: 6 | N21: 42 | O21: 6 | P21: 150 cr
A22: 7 | B22: Gestión de Operaciones | E22: Marketing | H22: Finanzas | K22: Concentración Tecnológica | N22: Pensamiento de Diseño Aplicado a Ingeniería
B24: 43 | C24: 9 | D24: 32,38,40 | E24: 44 | F24: 6 | G24: 27,32 | H24: 45 | I24: 6 | J24: 17 | K24: 46 | L24: 6 | M24: 34 | R24: 47 | S24: 3 | T24: -
A25: 8 | B25: Diseño y Evaluación de Proyectos Industriales | E25: Simulación | H25: Macroeconomía | K25: Gestión de Personas y Desarrollo Organizacional | R25: Opt. Arte y Lit./Hist. y Pens. Cont.
B27: # | C27: Cr | D27: Req.
B28: Nombre Curso

Sheet ICI Tit
A2: Sem | B2: 48 | C2: 6 | D2: Lic | E2: 49 | F2: 6 | G2: Lic | H2: 50 | I2: 6 | J2: Lic | K2: 51 | L2: 6 | N2: 52 | O2: 6
A3: 1 | B3: Organización Industrial | E3: Instrumentos Financieros | H3: Logistics | K3: Mención | N3: Electivo Especialidad
B5: 53 | C5: 6 | D5: Lic | E5: 54 | F5: 6 | G5: Lic | H5: 55 | I5: 4 | J5: 276 cr | K5: 56 | L5: 6 | N5: 57 | O5: 6 | Q5: 58 | R5: 2 | S5: 270 cr
A6: 2 | B6: Gestión Estratégica | E6: Econometría | H6: Proyecto Titulo 1 | K6: Mención | N6: Mención | Q6: Seminario Ética Profesional
U7: 59 | V7: 12 | W7: 282 cr
U8: Professional Practice
B9: 60 | C9: 6 | E9: 61 | F9: 6 | H9: 62 | I9: 18 | J9: 55
A10: 3 | B10: Electivo Especialidad | E10: Electivo Mención | H10: Proyecto Titulo 2
B12: # | C12: Cr | D12: Req.
B13: Nombre Curso
A16: Mención Gestión de Operaciones
A17: Sem | B17: 48 | C17: 6 | D17: Lic | E17: 49 | F17: 6 | G17: Lic | H17: 50 | I17: 6 | J17: Lic | K17: 51 | L17: 6 | M17: Lic | N17: 52 | O17: 6 | Y17: x
A18: 1 | B18: Organización Industrial | E18: Instrumentos Financieros | H18: Logistics | K18: Gestión de Operaciones en Servicios | N18: Electivo Especialidad
B20: 53 | C20: 6 | D20: Lic | E20: 54 | F20: 6 | G20: Lic | H20: 55 | I20: 4 | J20: 276 cr | K20: 56 | L20: 6 | M20: Lic | N20: 57 | O20: 6 | P20: 50 | Q20: 58 | R20: 2 | S20: 270 cr
A21: 2 | B21: Gestión Estratégica | E21: Econometría | H21: Proyecto Titulo 1 | K21: Modelamiento | N21: Estudio de Casos en Gestión de Operaciones | Q21: Seminario Ética Profesional
U22: 59 | V22: 12 | W22: 282 cr
U23: Professional Practice
B24: 60 | C24: 6 | E24: 61 | F24: 6 | H24: 62 | I24: 18 | J24: 55
A25: 3 | B25: Electivo Especialidad | E25: Electivo Mención | H25: Proyecto Titulo 2
A27: Mención Ingeniería Financiera
A28: Sem | B28: 48 | C28: 6 | D28: Lic | E28: 49 | F28: 6 | G28: Lic | H28: 50 | I28: 6 | J28: Lic | K28: 51 | L28: 6 | M28: Lic | N28: 52 | O28: 6
A29: 1 | B29: Organización Industrial | E29: Instrumentos Financieros | H29: Logistics | K29: Análisis de Estados Financieros | N29: Electivo Especialidad
B31: 53 | C31: 6 | D31: Lic | E31: 54 | F31: 6 | G31: Lic | H31: 55 | I31: 4 | J31: 276 cr | K31: 56 | L31: 6 | M31: Lic | N31: 57 | O31: 6 | P31: 49 | Q31: 58 | R31: 2 | S31: 270 cr
A32: 2 | B32: Gestión Estratégica | E32: Econometría | H32: Proyecto Titulo 1 | K32: Administración de los Riesgos Financieros | N32: Estudio de Casos en Finanzas | Q32: Seminario Ética Profesional
U33: 59 | V33: 12 | W33: 282 cr
U34: Professional Practice
B35: 60 | C35: 6 | E35: 61 | F35: 6 | H35: 62 | I35: 18 | J35: 55
A36: 3 | B36: Electivo Especialidad | E36: Electivo Mención | H36: Proyecto Titulo 2

Sheet IOC Malla
B2: Año 1 | J2: Año 2 | R2: Año 3 | Z2: Año 4 | AI2: Año 5 | AQ2: Año 6
B3: 1 | F3: 2 | J3: 1 | N3: 2 | R3: 1 | V3: 2 | Z3: 1 | AD3: 2 | AI3: 1 | AM3: 2 | AQ3: 1
A4: Curso 1 | B4: 1 | C4: 10 | D4: - | E4: - | F4: 8 | G4: 6 | H4: - | I4: 1,4,3 | J4: 14 | K4: 6 | L4: - | M4: 3,8,9 | N4: 20 | O4: 6 | P4: - | Q4: 15 | R4: 26 | S4: 6 | T4: Ib | U4: 14,23 | V4: 32 | W4: 6 | X4: Ib | Y4: 26 | Z4: 38 | AA4: 6 | AB4: Ec, Ib | AC4: 32 | AD4: 43 | AE4: 9 | AF4: Ec | AG4: 28,38,40 | AI4: 48 | AJ4: 6 | AK4: Ic(Oa) | AL4: 228 cr | AM4: 53 | AN4: 6 | AQ4: 60 | AR4: 6
B5: Álgebra e Introducción al Cálculo | F5: Álgebra Lineal | J5: Ecuaciones Diferenciales | N5: Probabilidades y Estadística | R5: Mecánica de Materiales | V5: Análisis Estructural | Z5: Hormigón Armado | AD5: Métodos Computacionales en Obras Civiles | AI5: Dynamics of Structures | AM5: Electivo Especialidad | AQ5: Electivo Especialidad
A6: Curso 2 | B6: 2 | C6: 5 | D6: ='[1]Malla base'!D6 -> 0 | E6: - | F6: 9 | G6: 6 | H6: - | I6: 1,4 | J6: 15 | K6: 6 | L6: - | M6: 3,9 | N6: 21 | O6: 6 | P6: ='[1]Malla base'!P6 -> 0 | Q6: 15,16 | R6: 27 | S6: 6 | U6: 15 | V6: 33 | W6: 6 | Y6: 9 | Z6: 39 | AA6: 6 | AC6: 26 | AD6: 44 | AE6: 6 | AG6: 33,35 | AI6: 49 | AJ6: 6 | AL6: 228 cr, 32 | AM6: 54 | AN6: 6 | AO6: Ia,Ec | AP6: 240 cr | AQ6: 61 | AR6: 6 | AS6: Ec,Ob
B7: Fundamentos de Química | F7: Cálculo I | J7: Cálculo II | N7: Electricidad y Magnetismo | R7: Optimización | V7: Topografía Aplicada | Z7: Introducción a la Geomecánica | AD7: Métodos y Técnicas de Construcción | AI7: Diseño en Acero | AM7: Tecnología del Hormigón | AQ7: Proyecto Civil
A8: Curso 3 | B8: 3 | C8: 5 | D8: - | E8: - | F8: 10 | G8: 6 | I8: 1 | J8: 16 | K8: 6 | L8: ='[1]Malla base'!L8 -> 0 | M8: 10 | N8: 22 | O8: 5 | P8: ='[1]Malla base'!P8 -> 0 | Q8: 2,15,16 | R8: 28 | S8: 6 | U8: 3,15 | V8: 34 | W8: 6 | X8: Ic(Ea) | Y8: 14,23 | Z8: 40 | AA8: 6 | AC8: 34 | AD8: 45 | AE8: 6 | AG8: 20,40 | AI8: 50 | AJ8: 6 | AK8: Ec,Ob | AL8: 43,44 | AM8: 55 | AN8: 4 | AP8: 276 cr | AQ8: 62 | AR8: 18 | AT8: 55
B9: Programación | F9: Introducción a la Mecánica | J9: Mecánica y Ondas | N9: Termodinámica | R9: Métodos Numéricos | V9: Fluid Mechanics | Z9: Hidráulica | AD9: Hidrología | AI9: Evaluación de Proyectos de Ingeniería | AM9: Proyecto de Título 1 | AQ9: Proyecto de Título 2
A10: Curso 4 | B10: 4 | C10: 1 | D10: - | E10: - | F10: 11 | G10: 5 | H10: ='[1]Malla base'!H10 -> 0 | I10: 4 | J10: 17 | K10: 5 | L10: ='[1]Malla base'!L10 -> 0 | M10: 1 | N10: 23 | O10: 6 | P10: - | Q10: 9,16 | R10: 29 | S10: 6 | V10: 35 | W10: 6 | X10: Ib | Y10: 2 | Z10: 41 | AA10: 6 | AD10: 46 | AE10: 6 | AG10: 17,20 | AI10: 51 | AJ10: 6 | AM10: 56 | AN10: 6
B11: Bases para el Estudio de Ingeniería | F11: Biología de los Microorganismos | J11: Fundamentos de Economía | N11: Estática | R11: Concentración Tecnológica | V11: Materiales de Construcción | Z11: Concentración Tecnológica | AD11: Sistemas de Transporte | AI11: Mención | AM11: Mención
A12: Curso 5 | B12: 5 | C12: 3 | E12: - | N12: 24 | O12: 3 | Q12: 7 | V12: 36 | W12: 6 | Z12: 42 | AA12: 6 | AB12: Ib(Ea) | AC12: 150 cr | AI12: 52 | AJ12: 6 | AM12: 57 | AN12: 6
B13: Taller de Proyectos de Ingeniería | N13: Ética | V13: Concentración Tecnológica | Z13: Pensamiento de Diseño Aplicado a Ingeniería | AI13: Mención | AM13: Mención
A14: Curso 6 | B14: 6 | C14: 3 | D14: - | E14: - | F14: 12 | G14: 3 | H14: - | I14: 6 | J14: 18 | K14: 3 | L14: - | M14: 12 | N14: 25 | O14: 4 | P14: - | Q14: - | R14: 30 | S14: 3 | T14: - | U14: 24 | AD14: 47 | AE14: 3 | AF14: - | AG14: - | AM14: 58 | AN14: 2 | AO14: ='[1]Malla base'!AO14 -> 0 | AP14: 270 cr
B15: Teología I | F15: Teología II | J15: Teología III | N15: Minor | R15: Filosofía de las Ciencias | AD15: Optativo Arte y Literatura/Historia y Pensamiento Contemporáneo | AM15: Seminario Ética Profesional
A16: Curso 7 | B16: 7 | C16: 3 | D16: - | E16: - | F16: 13 | G16: 3 | H16: - | I16: - | J16: 19 | K16: 4 | L16: - | M16: - | R16: 31 | S16: 4 | T16: - | U16: -
B17: Antropología Filosófica | F17: Optativo Arte y Literatura/Historia y Pensamiento Contemporáneo | J17: Minor | R17: Minor
X18: 37 | Y18: 12 | Z18: ='[1]Malla base'!Z18 -> 0 | AA18: 170 cr | AO18: 59 | AP18: 12 | AQ18: ='[1]Malla base'!AQ18 -> 0 | AR18: 282 cr
E19: * | F19: APR | X19: Pre-Professional Practice | AO19: Professional Practice
E20: Inglés ALTE 3
B22: # | C22: SCT | D22: HT | E22: Req.
B23: Nombre Curso
B25: Año 1 | J25: Año 2 | R25: Año 3 | Z25: Año 4 | AI25: Año 5 | AQ25: Año 6
B26: =C4+C6+C8+C10+C12+C14+C16+G4+G6+G8+G10+G14+G16 -> 59 | J26: =K4+K6+K8+K10+K14+K16+O4+O6+O8+O10+O12+O14 -> 60 | R26: =S4+S6+S8+S10+S14+S16+W4+W6+W8+W10+W12+Y18 -> 73 | Z26: =AA4+AA6+AA8+AA10+AA12+AA14+AE4+AE6+AE8+AE10+AE14 -> 60 | AI26: =AJ4+AJ6+AJ8+AJ10+AJ12+AN4+AN6+AN8+AN10+AN12+AN14+AP18 -> 72 | AQ26: =AR4+AR6+AR8 -> 30

Sheet IOC Lic
A2: Sem | B2: 1 | C2: 10 | D2: - | E2: 2 | F2: 5 | G2: - | H2: 3 | I2: 5 | J2: - | K2: 4 | L2: 1 | M2: - | N2: 5 | O2: 3 | P2: - | R2: 6 | S2: 3 | T2: - | U2: 7 | V2: 3 | W2: -
A3: 1 | B3: Álgebra e Introducción al Cálculo | E3: Fundamentos de Química | H3: Programación | K3: Bases para el Estudio de Ingeniería | N3: Taller de Proyectos de Ingeniería | R3: Teología I | U3: Antropología Filosófica | Y3: * | Z3: APR
Y4: Inglés ALTE 3
B5: 8 | C5: 6 | D5: 1,4,3 | E5: 9 | F5: 6 | G5: 1,4 | H5: 10 | I5: 6 | J5: 1 | K5: 11 | L5: 5 | M5: 4 | R5: 12 | S5: 3 | T5: 6 | U5: 13 | V5: 3 | W5: -
A6: 2 | B6: Álgebra Lineal | E6: Cálculo I | H6: Introducción a la Mecánica | K6: Biología de los Microorganismos | R6: Teología II | U6: Opt. Arte y Lit./Hist. y Pens. Cont.
B8: 14 | C8: 6 | D8: 3,8,9 | E8: 15 | F8: 6 | G8: 3,9 | H8: 16 | I8: 6 | J8: 10 | K8: 17 | L8: 5 | M8: 1 | R8: 18 | S8: 3 | T8: 12 | U8: 19 | V8: 4 | W8: -
A9: 3 | B9: Ecuaciones Diferenciales | E9: Cálculo II | H9: Mecánica y Ondas | K9: Fundamentos de Economía | R9: Teología III | U9: Minor
B11: 20 | C11: 6 | D11: 15 | E11: 21 | F11: 6 | G11: 15,16 | H11: 22 | I11: 5 | J11: 2,15,16 | K11: 23 | L11: 6 | M11: 9,16 | N11: 24 | O11: 3 | P11: 7 | R11: 25 | S11: 4 | T11: -
A12: 4 | B12: Probabilidades y Estadística | E12: Electricidad y Magnetismo | H12: Termodinámica | K12: Estática | N12: Ética | R12: Minor
B14: 26 | C14: 6 | D14: 14,23 | E14: 27 | F14: 6 | G14: 15 | H14: 28 | I14: 6 | J14: 3,15 | K14: 29 | L14: 6 | R14: 30 | S14: 3 | T14: 24 | U14: 31 | V14: 4 | W14: -
A15: 5 | B15: Mecánica de Materiales | E15: Optimización | H15: Métodos Numéricos | K15: Concentración Tecnológica | R15: Filosofía de las Ciencias | U15: Minor
B17: 32 | C17: 6 | D17: 26 | E17: 33 | F17: 6 | G17: 9 | H17: 34 | I17: 6 | J17: 14,23 | K17: 35 | L17: 6 | M17: 2 | N17: 36 | O17: 6
A18: 6 | B18: Análisis Estructural | E18: Topografía Aplicada | H18: Fluid Mechanics | K18: Materiales de Construcción | N18: Concentración Tecnológica
U19: 37 | V19: 12 | W19: 170 cr
U20: Pre-Professional Practice
B21: 38 | C21: 6 | D21: 32 | E21: 39 | F21: 6 | G21: 26 | H21: 40 | I21: 6 | J21: 34 | K21: 41 | L21: 6 | N21: 42 | O21: 6 | P21: 150 cr
A22: 7 | B22: Hormigón Armado | E22: Introducción a la Geomecánica | H22: Hidráulica | K22: Concentración Tecnológica | N22: Pensamiento de Diseño Aplicado a Ingeniería
B24: 43 | C24: 9 | D24: 28,38,40 | E24: 44 | F24: 6 | G24: 33,35 | H24: 45 | I24: 6 | J24: 20,40 | K24: 46 | L24: 6 | M24: 17,20 | R24: 47 | S24: 3 | T24: -
A25: 8 | B25: Métodos Computacionales en Obras Civiles | E25: Métodos y Técnicas de Construcción | H25: Hidrología | K25: Sistemas de Transporte | R25: Opt. Arte y Lit./Hist. y Pens. Cont.
B27: # | C27: Cr | D27: Req.
B28: Nombre Curso

Sheet IOC Tit
A2: Sem | B2: 48 | C2: 6 | D2: 228 | E2: 49 | F2: 6 | G2: 228 | H2: 50 | I2: 6 | J2: 43,44 | K2: 51 | L2: 6 | N2: 52 | O2: 6
A3: 1 | B3: Dynamics of Structures | E3: Diseño en Acero | H3: Evaluación de Proyectos de Ingeniería | K3: Mención | N3: Mención
B5: 53 | C5: 6 | E5: 54 | F5: 6 | G5: 240 | H5: 55 | I5: 4 | J5: 276 cr | K5: 56 | L5: 6 | N5: 57 | O5: 6 | Q5: 58 | R5: 2 | S5: 270 cr
A6: 2 | B6: Electivo Especialidad | E6: Tecnología del Hormigón | H6: Proyecto Titulo 1 | K6: Mención | N6: Mención | Q6: Seminario Ética Profesional
U7: 59 | V7: 12 | W7: 282 cr
U8: Professional Practice
B9: 60 | C9: 6 | E9: 61 | F9: 6 | H9: 62 | I9: 18 | J9: 55
A10: 3 | B10: Electivo Especialidad | E10: Proyecto Civil | H10: Proyecto Titulo 2
B12: # | C12: Cr | D12: Req.
B13: Nombre Curso
A15: Mención Estructuras
A16: Sem | B16: 48 | C16: 6 | D16: 228 cr | E16: 49 | F16: 6 | G16: 228 cr | H16: 50 | I16: 6 | J16: 43,44 | K16: 51 | L16: 6 | M16: 228 cr | N16: 52 | O16: 6 | P16: 32,43
A17: 1 | B17: Dynamics of Structures | E17: Diseño en Acero | H17: Evaluación de Proyectos de Ingeniería | K17: Fundaciones | N17: Finite Elements
B19: 53 | C19: 6 | E19: 54 | F19: 6 | G19: 240 cr | H19: 55 | I19: 4 | J19: 276 cr | K19: 56 | L19: 6 | M19: 240 cr | N19: 57 | O19: 6 | P19: 38,48 | Q19: 58 | R19: 2 | S19: 270 cr
A20: 2 | B20: Electivo Especialidad | E20: Tecnología del Hormigón | H20: Proyecto Titulo 1 | K20: Hormigón Armado Avanzado | N20: Diseño Sismorresistente | Q20: Seminario Ética Profesional
U21: 59 | V21: 12 | W21: 282 cr
U22: Professional Practice
B23: 60 | C23: 6 | E23: 61 | F23: 6 | G23: 57 | H23: 62 | I23: 18 | J23: 55
A24: 3 | B24: Electivo Especialidad | E24: Proyecto Civil (Mención Estructuras) | H24: Proyecto Titulo 2
A26: Mención Desarrollo de Proyectos de Infraestructura
A27: Sem | B27: 48 | C27: 6 | D27: 228 cr | E27: 49 | F27: 6 | G27: 228 cr | H27: 50 | I27: 6 | J27: 43,44 | K27: 51 | L27: 6 | M27: 228 cr | N27: 52 | O27: 6 | P27: 45
A28: 1 | B28: Dynamics of Structures | E28: Diseño en Acero | H28: Evaluación de Proyectos de Ingeniería | K28: Cost Engineering | N28: Hidráulica Urbana
B30: 53 | C30: 6 | E30: 54 | F30: 6 | G30: 240 cr | H30: 55 | I30: 4 | J30: 276 cr | K30: 56 | L30: 6 | M30: 51 | N30: 57 | O30: 6 | P30: 44,46 | Q30: 58 | R30: 2 | S30: 270 cr
A31: 2 | B31: Electivo Especialidad | E31: Tecnología del Hormigón | H31: Proyecto Titulo 1 | K31: Administración y Control de Proyectos | N31: Ingeniería Vial | Q31: Seminario Ética Profesional
U32: 59 | V32: 12 | W32: 282 cr
U33: Professional Practice
B34: 60 | C34: 6 | E34: 61 | F34: 6 | G34: 56 | H34: 62 | I34: 18 | J34: 55
A35: 3 | B35: Electivo Especialidad | E35: Proyecto Civil (Mención DPI) | H35: Proyecto Titulo 2

Sheet ICE Malla
B2: Año 1 | J2: Año 2 | R2: Año 3 | Z2: Año 4 | AI2: Año 5 | AQ2: Año 6
B3: 1 | F3: 2 | J3: 1 | N3: 2 | R3: 1 | V3: 2 | Z3: 1 | AD3: 2 | AI3: 1 | AM3: 2 | AQ3: 1
A4: Curso 1 | B4: 1 | C4: 10 | D4: - | E4: - | F4: 8 | G4: 6 | H4: - | I4: 1,4,3 | J4: 14 | K4: 6 | L4: - | M4: 3,8,9 | N4: 20 | O4: 6 | P4: - | Q4: 15 | R4: 26 | S4: 6 | U4: 14,21 | V4: 32 | W4: 6 | Y4: 26 | Z4: 38 | AA4: 6 | AC4: 27,32 | AD4: 43 | AE4: 9 | AF4: Ib | AG4: 200 cr. | AI4: 48 | AJ4: 6 | AL4: 44 | AM4: 53 | AN4: 6 | AO4: Ic(Oa) | AP4: 20,27 | AQ4: 60 | AR4: 6
B5: Álgebra e Introducción al Cálculo | F5: Álgebra Lineal | J5: Ecuaciones Diferenciales | N5: Probabilidades y Estadística | R5: Análisis de Circuitos | V5: Sistemas Electrónicos | Z5: Sistemas Electrónicos Avanzados | AD5: Proyecto de Diseño Eléctrico | AI5: Electrónica de Potencia | AM5: Artificial Intelligence | AQ5: Electivo
A6: Curso 2 | B6: 2 | C6: 5 | D6: ='Malla base'!D6 -> Ea | E6: - | F6: 9 | G6: 6 | H6: - | I6: 1,4 | J6: 15 | K6: 6 | L6: - | M6: 3,9 | N6: 21 | O6: 6 | P6: ='Malla base'!P6 -> Eb | Q6: 15,16 | R6: 27 | S6: 6 | T6: Ia | U6: 14 | V6: 33 | W6: 6 | X6: Ib | Y6: 27 | Z6: 39 | AA6: 6 | AB6: Ec,Ib | AC6: 20,33 | AD6: 44 | AE6: 6 | AF6: Ec | AG6: 16,27 | AI6: 49 | AJ6: 6 | AK6: Ec, Ob | AL6: 45 | AM6: 54 | AN6: 6 | AP6: 39 | AQ6: 61 | AR6: 6
B7: Fundamentos de Química | F7: Cálculo I | J7: Cálculo II | N7: Electricidad y Magnetismo | R7: Señales y Sistemas | V7: Procesamiento de Señales | Z7: Introducción a las Comunicaciones | AD7: Control Automático | AI7: Sistemas de Potencia | AM7: Redes de Comunicación | AQ7: Electivo
A8: Curso 3 | B8: 3 | C8: 5 | D8: - | E8: - | F8: 10 | G8: 6 | H8: - | I8: 1 | J8: 16 | K8: 6 | L8: ='Malla base'!L8 -> Eb | M8: 10 | N8: 22 | O8: 5 | P8: ='Malla base'!P8 -> Eb | Q8: 2,15,16 | R8: 28 | S8: 6 | U8: 8 | V8: 34 | W8: 6 | X8: Ic(Ec) | Y8: 21 | Z8: 40 | AA8: 6 | AB8: Ec | AC8: 22,26 | AD8: 45 | AE8: 6 | AF8: Ec | AG8: 40 | AI8: 50 | AJ8: 6 | AK8: Ec,Ob | AL8: 34,40 | AM8: 55 | AN8: 4 | AP8: 276 cr | AQ8: 62 | AR8: 18 | AT8: 55
B9: Programación | F9: Introducción a la Mecánica | J9: Mecánica y Ondas | N9: Termodinámica | R9: Sistemas Digitales | V9: Optical Systems | Z9: Conversión de Energía | AD9: Potencia Eléctrica | AI9: Fundamentos de Energías Renovables | AM9: Proyecto de Título 1 | AQ9: Proyecto de Título 2
A10: Curso 4 | B10: 4 | C10: 1 | D10: - | E10: - | F10: 11 | G10: 5 | H10: ='Malla base'!H10 -> Ea | I10: 4 | J10: 17 | K10: 5 | L10: ='ICI Malla'!L10 -> Ia | M10: 1 | N10: 23 | O10: 6 | P10: - | Q10: 9,16 | R10: 29 | S10: 6 | V10: 35 | W10: 6 | Y10: 26,28 | Z10: 41 | AA10: 6 | AD10: 46 | AE10: 6 | AG10: 39 | AI10: 51 | AJ10: 6 | AL10: 45 | AM10: 56 | AN10: 6 | AP10: 49
B11: Bases para el Estudio de Ingeniería | F11: Biología de los Microorganismos | J11: Fundamentos de Economía | N11: Estática | R11: Concentración Tecnológica | V11: Sistemas Digitales Avanzados | Z11: Concentración Tecnológica | AD11: Comunicaciones Digitales | AI11: Mercados Eléctricos | AM11: Protecciones Eléctricas
A12: Curso 5 | B12: 5 | C12: 3 | E12: - | N12: 24 | O12: 3 | Q12: 7 | V12: 36 | W12: 6 | Z12: 42 | AA12: 6 | AB12: Ib(Ea) | AC12: 150 cr | AI12: 52 | AJ12: 6 | AM12: 57 | AN12: 6
B13: Taller de Proyectos de Ingeniería | N13: Ética | V13: Concentración Tecnológica | Z13: Pensamiento de Diseño Aplicado a Ingeniería | AI13: Electivo | AM13: Electivo
A14: Curso 6 | B14: 6 | C14: 3 | D14: - | E14: - | F14: 12 | G14: 3 | H14: - | I14: 6 | J14: 18 | K14: 3 | L14: - | M14: 12 | N14: 25 | O14: 4 | P14: - | Q14: - | R14: 30 | S14: 3 | T14: - | U14: 24 | AD14: 47 | AE14: 3 | AF14: - | AG14: - | AM14: 58 | AN14: 2 | AO14: Ec | AP14: 270 cr
B15: Teología I | F15: Teología II | J15: Teología III | N15: Minor | R15: Filosofía de las Ciencias | AD15: Optativo Arte y Literatura/Historia y Pensamiento Contemporáneo | AM15: Seminario Ética Profesional
A16: Curso 7 | B16: 7 | C16: 3 | D16: - | E16: - | F16: 13 | G16: 3 | H16: - | I16: - | J16: 19 | K16: 4 | L16: - | M16: - | R16: 31 | S16: 4 | T16: - | U16: -
B17: Antropología Filosófica | F17: Optativo Arte y Literatura/Historia y Pensamiento Contemporáneo | J17: Minor | R17: Minor
X18: 37 | Y18: 12 | Z18: ='Malla base'!Z18 -> Ic(Ea) | AA18: 170 cr | AO18: 59 | AP18: 12 | AQ18: ='Malla base'!AQ18 -> Ic(Eb, Ob) | AR18: 282 cr
E19: * | F19: APR | X19: Pre-Professional Practice | AO19: Professional Practice
E20: Inglés ALTE 3
B22: # | C22: SCT | D22: HT | E22: Req.
B23: Nombre Curso
B26: Año 1 | J26: Año 2 | R26: Año 3 | Z26: Año 4 | AI26: Año 5 | AQ26: Año 6
B27: =C4+C6+C8+C10+C12+C14+C16+G4+G6+G8+G10+G14+G16 -> 59 | J27: =K4+K6+K8+K10+K14+K16+O4+O6+O8+O10+O12+O14 -> 60 | R27: 61 | Z27: =AA4+AA6+AA8+AA10+AA12+AA14+AE4+AE6+AE8+AE10+AE14 -> 60 | AI27: =AJ4+AJ6+AJ8+AJ10+AJ12+AN4+AN6+AN8+AN10+AN12+AN14+AP18 -> 72 | AQ27: =AR4+AR6+AR8 -> 30

Sheet ICE Lic
A2: Sem | B2: 1 | C2: 10 | D2: - | E2: 2 | F2: 5 | G2: - | H2: 3 | I2: 5 | J2: - | K2: 4 | L2: 1 | M2: - | N2: 5 | O2: 3 | P2: - | R2: 6 | S2: 3 | T2: - | U2: 7 | V2: 3 | W2: -
A3: 1 | B3: Álgebra e Introducción al Cálculo | E3: Fundamentos de Química | H3: Programación | K3: Bases para el Estudio de Ingeniería | N3: Taller de Proyectos de Ingeniería | R3: Teología I | U3: Antropología Filosófica | Y3: * | Z3: APR
Y4: Inglés ALTE 3
B5: 8 | C5: 6 | D5: 1,4,3 | E5: 9 | F5: 6 | G5: 1,4 | H5: 10 | I5: 6 | J5: 1 | K5: 11 | L5: 5 | M5: 4 | R5: 12 | S5: 3 | T5: 6 | U5: 13 | V5: 3 | W5: -
A6: 2 | B6: Álgebra Lineal | E6: Cálculo I | H6: Introducción a la Mecánica | K6: Biología de los Microorganismos | R6: Teología II | U6: Opt. Arte y Lit./Hist. y Pens. Cont.
B8: 14 | C8: 6 | D8: 3,8,9 | E8: 15 | F8: 6 | G8: 3,9 | H8: 16 | I8: 6 | J8: 10 | K8: 17 | L8: 5 | M8: 1 | R8: 18 | S8: 3 | T8: 12 | U8: 19 | V8: 4 | W8: -
A9: 3 | B9: Ecuaciones Diferenciales | E9: Cálculo II | H9: Mecánica y Ondas | K9: Fundamentos de Economía | R9: Teología III | U9: Minor
B11: 20 | C11: 6 | D11: 15 | E11: 21 | F11: 6 | G11: 15,16 | H11: 22 | I11: 5 | J11: 2,15,16 | K11: 23 | L11: 6 | M11: 9,16 | N11: 24 | O11: 3 | P11: 7 | R11: 25 | S11: 4 | T11: -
A12: 4 | B12: Probabilidades y Estadística | E12: Electricidad y Magnetismo | H12: Termodinámica | K12: Estática | N12: Ética | R12: Minor
B14: 26 | C14: 6 | D14: 14,21 | E14: 27 | F14: 6 | G14: 14 | H14: 28 | I14: 6 | J14: 8 | K14: 29 | L14: 6 | R14: 30 | S14: 3 | T14: 24 | U14: 31 | V14: 4 | W14: -
A15: 5 | B15: Análisis de Circuitos | E15: Señales y Sistemas | H15: Sistemas Digitales | K15: Concentración Tecnológica | R15: Filosofía de las Ciencias | U15: Minor
B17: 32 | C17: 6 | D17: 26 | E17: 33 | F17: 6 | G17: 27 | H17: 34 | I17: 6 | J17: 21 | K17: 35 | L17: 6 | M17: 26,28 | N17: 36 | O17: 6
A18: 6 | B18: Sistemas Electrónicos | E18: Procesamiento de Señales | H18: Optical Systems | K18: Sistemas Digitales Avanzados | N18: Concentración Tecnológica
U19: 37 | V19: 12 | W19: 170 cr
U20: Pre-Professional Practice
B21: 38 | C21: 6 | D21: 27,32 | E21: 39 | F21: 6 | G21: 20,33 | H21: 40 | I21: 6 | J21: 22,26 | K21: 41 | L21: 6 | N21: 42 | O21: 6 | P21: 150 cr
A22: 7 | B22: Sistemas Electrónicos Avanzados | E22: Introducción a las Comunicaciones | H22: Conversión de Energía | K22: Concentración Tecnológica | N22: Pensamiento deDiseño Aplicado a Ingeniería
B24: 43 | C24: 9 | D24: 200 cr | E24: 44 | F24: 6 | G24: 16,27 | H24: 45 | I24: 6 | J24: 40 | K24: 46 | L24: 6 | M24: 39 | R24: 47 | S24: 3 | T24: -
A25: 8 | B25: Proyecto de Diseño Eléctrico | E25: Control Automático | H25: Potencia Eléctrica | K25: Comunicaciones Digitales | R25: Opt. Arte y Lit./Hist. y Pens. Cont.
B27: # | C27: Cr | D27: Req.
B28: Nombre Curso

Sheet ICE Tit
A2: Sem | B2: 48 | C2: 6 | D2: 45 | E2: 49 | F2: 6 | G2: 46 | H2: 50 | I2: 6 | J2: 34,40 | K2: 51 | L2: 6 | M2: 45 | N2: 52 | O2: 6
A3: 1 | B3: Electrónica de Potencia | E3: Sistemas de Potencia | H3: Fundamentos de Energías Renovables | K3: Mercados Eléctricos | N3: Electivo Especialidad
B5: 52 | C5: 6 | D5: 20,27 | E5: 54 | F5: 6 | G5: 50 | H5: 55 | I5: 4 | J5: 276 cr | K5: 56 | L5: 6 | N5: 57 | O5: 6 | Q5: 58 | R5: 2 | S5: 270 cr
A6: 2 | B6: Artificial Intelligence | E6: Redes de Comunicación | H6: Proyecto Titulo 1 | K6: Protecciones Eléctricas | N6: Electivo Especialidad | Q6: Seminario Ética Profesional
U7: 59 | V7: 12 | W7: 282 cr
U8: Professional Practice
B9: 60 | C9: 6 | E9: 61 | F9: 6 | H9: 62 | I9: 18 | J9: 55
A10: 3 | B10: Electivo Especialidad | E10: Electivo Especialidad | H10: Proyecto Titulo 2
B12: # | C12: Cr | D12: Req.
B13: Nombre Curso

Sheet ICC Malla
B2: Año 1 | J2: Año 2 | R2: Año 3 | Z2: Año 4 | AI2: Año 5 | AQ2: Año 6
B3: 1 | F3: 2 | J3: 1 | N3: 2 | R3: 1 | V3: 2 | Z3: 1 | AD3: 2 | AI3: 1 | AM3: 2 | AQ3: 1
A4: Curso 1 | B4: 1 | C4: 10 | D4: - | E4: - | F4: 8 | G4: 6 | H4: - | I4: 1,4,3 | J4: 14 | K4: 6 | L4: - | M4: 3,8,9 | N4: 20 | O4: 6 | P4: - | Q4: 15 | R4: 26 | S4: 6 | T4: - | U4: 3 | V4: 32 | W4: 6 | X4: - | Y4: 27 | Z4: 38 | AA4: 6 | AB4: Ic | AC4: 34 | AD4: 43 | AE4: 9 | AF4: Ec | AG4: 20,38,40 | AI4: 48 | AJ4: 6 | AK4: Ic(Oa) | AL4: 43 | AM4: 53 | AN4: 6 | AP4: 43 | AQ4: 60 | AR4: 6 | AS4: Ec, Ob | AT4: 53
B5: Álgebra e Introducción al Cálculo | F5: Álgebra Lineal | J5: Ecuaciones Diferenciales | N5: Probabilidades y Estadística | R5: Paradigmas de Programación | V5: Sistemas Operativos y Redes | Z5: Algorithms and Competitive Programming | AD5: Proyecto de Desarrollo de Software | AI5: Software Design | AM5: Gestión de Proyectos de Software | AQ5: Emprendimiento e Innovación en Software
A6: Curso 2 | B6: 2 | C6: 5 | D6: ='[2]Malla base'!D6 -> 0 | E6: - | F6: 9 | G6: 6 | H6: - | I6: 1,4 | J6: 15 | K6: 6 | L6: - | M6: 3,9 | N6: 21 | O6: 6 | P6: ='[2]Malla base'!P6 -> 0 | Q6: 15,16 | R6: 27 | S6: 6 | T6: - | U6: 3 | V6: 33 | W6: 6 | X6: - | Y6: 21 | Z6: 39 | AA6: 6 | AB6: Ia | AC6: 27 | AD6: 44 | AE6: 6 | AF6: - | AG6: 40 | AI6: 49 | AJ6: 6 | AK6: Ic(Ea) | AL6: 43 | AM6: 54 | AN6: 6 | AO6: Ic(Eb) | AP6: 48 | AQ6: 61 | AR6: 6
B7: Fundamentos de Química | F7: Cálculo I | J7: Cálculo II | N7: Electricidad y Magnetismo | R7: Programación de Bajo Nivel | V7: Arquitectura de Computadores | Z7: Sistemas Embebidos | AD7: Aplicaciones Móviles | AI7: User Experience Design | AM7: Software Architecture | AQ7: Electivo Especialidad
A8: Curso 3 | B8: 3 | C8: 5 | D8: - | E8: - | F8: 10 | G8: 6 | H8: - | I8: 1 | J8: 16 | K8: 6 | L8: ='[2]Malla base'!L8 -> 0 | M8: 10 | N8: 22 | O8: 5 | P8: ='[2]Malla base'!P8 -> 0 | Q8: 2,15,16 | R8: 28 | S8: 6 | T8: Ib | U8: 3,9 | V8: 34 | W8: 6 | X8: Ib | Y8: 27 | Z8: 40 | AA8: 6 | AB8: Ic | AC8: 26,35 | AD8: 45 | AE8: 6 | AG8: 20,27 | AI8: 50 | AJ8: 6 | AL8: 43 | AM8: 55 | AN8: 4 | AP8: 276 cr | AQ8: 62 | AR8: 18 | AT8: 55
B9: Programación | F9: Introducción a la Mecánica | J9: Mecánica y Ondas | N9: Termodinámica | R9: Autómatas y Computabilidad | V9: Estructuras de Datos y Algoritmos | Z9: Web Technologies | AD9: Artificial Intelligence | AI9: Diseño de Software Verificable | AM9: Proyecto de Título 1 | AQ9: Proyecto de Título 2
A10: Curso 4 | B10: 4 | C10: 1 | D10: - | E10: - | F10: 11 | G10: 5 | H10: ='[2]Malla base'!H10 -> 0 | I10: 4 | J10: 17 | K10: 5 | L10: ='[2]Malla base'!L10 -> 0 | M10: 1 | N10: 23 | O10: 6 | P10: - | Q10: 9,16 | R10: 29 | S10: 6 | V10: 35 | W10: 6 | X10: - | Y10: 3 | Z10: 41 | AA10: 6 | AD10: 46 | AE10: 6 | AF10: Ec | AG10: 40 | AI10: 51 | AJ10: 6 | AK10: Ec | AL10: 43 | AM10: 56 | AN10: 6
B11: Bases para el Estudio de Ingeniería | F11: Biología de los Microorganismos | J11: Fundamentos de Economía | N11: Estática | R11: Concentración Tecnológica | V11: Bases de Datos | Z11: Concentración Tecnológica | AD11: Introducción a la Ingeniería de Software | AI11: Almacenamiento y Procesamiento Masivo de Datos | AM11: Electivo Especialidad
A12: Curso 5 | B12: 5 | C12: 3 | E12: - | N12: 24 | O12: 3 | Q12: 7 | V12: 36 | W12: 6 | Z12: 42 | AA12: 6 | AB12: Ib(Ea) | AC12: 150 cr | AI12: 52 | AJ12: 6 | AM12: 57 | AN12: 6
B13: Taller de Proyectos de Ingeniería | N13: Ética | V13: Concentración Tecnológica | Z13: Pensamiento de Diseño Aplicado a Ingeniería | AI13: Electivo Especialidad | AM13: Electivo Especialidad
A14: Curso 6 | B14: 6 | C14: 3 | D14: - | E14: - | F14: 12 | G14: 3 | H14: - | I14: 6 | J14: 18 | K14: 3 | L14: - | M14: 12 | N14: 25 | O14: 4 | P14: - | Q14: - | R14: 30 | S14: 3 | T14: - | U14: 24 | AD14: 47 | AE14: 3 | AF14: - | AG14: - | AM14: 58 | AN14: 2 | AO14: ='[2]Malla base'!AO14 -> 0 | AP14: 270 cr
B15: Teología I | F15: Teología II | J15: Teología III | N15: Minor | R15: Filosofía de las Ciencias | AD15: Optativo Arte y Literatura/Historia y Pensamiento Contemporáneo | AM15: Seminario Ética Profesional
A16: Curso 7 | B16: 7 | C16: 3 | D16: - | E16: - | F16: 13 | G16: 3 | H16: - | I16: - | J16: 19 | K16: 4 | L16: - | M16: - | R16: 31 | S16: 4 | T16: - | U16: -
B17: Antropología Filosófica | F17: Optativo Arte y Literatura/Historia y Pensamiento Contemporáneo | J17: Minor | R17: Minor
X18: 37 | Y18: 12 | Z18: ='[2]Malla base'!Z18 -> 0 | AA18: 170 cr | AO18: 59 | AP18: 12 | AQ18: ='[2]Malla base'!AQ18 -> 0 | AR18: 282 cr
E19: * | F19: APR | X19: Pre-Professional Practice | AO19: Professional Practice
E20: Inglés ALTE 3
B22: # | C22: SCT | D22: HT | E22: Req.
B23: Nombre Curso

Sheet ICC Lic
A2: Sem | B2: 1 | C2: 10 | D2: - | E2: 2 | F2: 5 | G2: - | H2: 3 | I2: 5 | J2: - | K2: 4 | L2: 1 | M2: - | N2: 5 | O2: 3 | P2: - | R2: 6 | S2: 3 | T2: - | U2: 7 | V2: 3 | W2: -
A3: 1 | B3: Álgebra e Introducción al Cálculo | E3: Fundamentos de Química | H3: Programación | K3: Bases para el Estudio de Ingeniería | N3: Taller de Proyectos de Ingeniería | R3: Teología I | U3: Antropología Filosófica | Y3: * | Z3: APR
Y4: Inglés ALTE 3
B5: 8 | C5: 6 | D5: 1,4,3 | E5: 9 | F5: 6 | G5: 1,4 | H5: 10 | I5: 6 | J5: 1 | K5: 11 | L5: 5 | M5: 4 | R5: 12 | S5: 3 | T5: 6 | U5: 13 | V5: 3 | W5: -
A6: 2 | B6: Álgebra Lineal | E6: Cálculo I | H6: Introducción a la Mecánica | K6: Biología de los Microorganismos | R6: Teología II | U6: Opt. Arte y Lit./Hist. y Pens. Cont.
B8: 14 | C8: 6 | D8: 3,8,9 | E8: 15 | F8: 6 | G8: 3,9 | H8: 16 | I8: 6 | J8: 10 | K8: 17 | L8: 5 | M8: 1 | R8: 18 | S8: 3 | T8: 12 | U8: 19 | V8: 4 | W8: -
A9: 3 | B9: Ecuaciones Diferenciales | E9: Cálculo II | H9: Mecánica y Ondas | K9: Fundamentos de Economía | R9: Teología III | U9: Minor
B11: 20 | C11: 6 | D11: 15 | E11: 21 | F11: 6 | G11: 15,16 | H11: 22 | I11: 5 | J11: 2,15,16 | K11: 23 | L11: 6 | M11: 9,16 | N11: 24 | O11: 3 | P11: 7 | R11: 25 | S11: 4 | T11: -
A12: 4 | B12: Probabilidades y Estadística | E12: Electricidad y Magnetismo | H12: Termodinámica | K12: Estática | N12: Ética | R12: Minor
B14: 26 | C14: 6 | D14: 3 | E14: 27 | F14: 6 | G14: 3 | H14: 28 | I14: 6 | J14: 3,9 | K14: 29 | L14: 6 | R14: 30 | S14: 3 | T14: 24 | U14: 31 | V14: 4 | W14: -
A15: 5 | B15: Paradigmas de Programación | E15: Programación de Bajo Nivel | H15: Autómatas y Computabilidad | K15: Concentración Tecnológica | R15: Filosofía de las Ciencias | U15: Minor
B17: 32 | C17: 6 | D17: 27 | E17: 33 | F17: 6 | G17: 21 | H17: 34 | I17: 6 | J17: 27 | K17: 35 | L17: 6 | M17: 3 | N17: 36 | O17: 6
A18: 6 | B18: Sistemas Operativos y Redes | E18: Arquitectura de Computadores | H18: Estructuras de Datos y Algoritmos | K18: Bases de Datos | N18: Concentración Tecnológica
U19: 37 | V19: 12 | W19: 170 cr
U20: Pre-Professional Practice
B21: 38 | C21: 6 | D21: 34 | E21: 39 | F21: 6 | G21: 27 | H21: 40 | I21: 6 | J21: 26,35 | K21: 41 | L21: 6 | N21: 42 | O21: 6 | P21: 150 cr
A22: 7 | B22: Algorithms and Competitive Programming | E22: Sistemas Embebidos | H22: Web Technologies | K22: Concentración Tecnológica | N22: Pensamiento de Diseño Aplicado a Ingeniería
B24: 43 | C24: 9 | D24: 20,38,40 | E24: 44 | F24: 6 | G24: 40 | H24: 45 | I24: 6 | J24: 20,27 | K24: 46 | L24: 6 | M24: 40 | R24: 47 | S24: 3 | T24: -
A25: 8 | B25: Proyecto de Desarrollo de Software | E25: Aplicaciones Móviles | H25: Artificial Intelligence | K25: Introducción a la Ingeniería de Software | R25: Opt. Arte y Lit./Hist. y Pens. Cont.
B27: # | C27: Cr | D27: Req.
B28: Nombre Curso

Sheet ICC Tit
A2: Sem | B2: 48 | C2: 6 | D2: 43 | E2: 49 | F2: 6 | G2: 43 | H2: 50 | I2: 6 | J2: 43 | K2: 51 | L2: 6 | M2: 43 | N2: 52 | O2: 6
A3: 1 | B3: Software Design | E3: User Experience Design | H3: Diseño de Software Verificable | K3: Almacenamiento y Procesamiento Masivo de Datos | N3: Electivo Especialidad
B5: 53 | C5: 6 | D5: 43 | E5: 54 | F5: 6 | G5: 48 | H5: 55 | I5: 4 | J5: 276 cr | K5: 56 | L5: 6 | N5: 57 | O5: 6 | Q5: 58 | R5: 2 | S5: 270 cr
A6: 2 | B6: Gestión de Proyectos de Software | E6: Software Architecture | H6: Proyecto Titulo 1 | K6: Electivo Especialidad | N6: Electivo Especialidad | Q6: Seminario Ética Profesional
U7: 59 | V7: 12 | W7: 282 cr
U8: Professional Practice
B9: 60 | C9: 6 | D9: 53 | E9: 61 | F9: 6 | H9: 62 | I9: 18 | J9: 55
A10: 3 | B10: Emprendimiento e Innovación en Software | E10: Electivo Especialidad | H10: Proyecto Titulo 2
B12: # | C12: Cr | D12: Req.
B13: Nombre Curso

Sheet ICA Malla
B2: Año 1 | J2: Año 2 | R2: Año 3 | Z2: Año 4 | AI2: Año 5 | AQ2: Año 6
B3: 1 | F3: 2 | J3: 1 | N3: 2 | R3: 1 | V3: 2 | Z3: 1 | AD3: 2 | AI3: 1 | AM3: 2 | AQ3: 1
A4: Curso 1 | B4: 1 | C4: 10 | D4: - | E4: - | F4: 8 | G4: 6 | H4: - | I4: 1,4,3 | J4: 14 | K4: 6 | L4: - | M4: 3,8,9 | N4: 20 | O4: 6 | P4: - | Q4: 15 | R4: 26 | S4: 6 | U4: 3,15 | V4: 32 | W4: 6 | Y4: 14,26 | Z4: 38 | AA4: 6 | AB4: Ia | AC4: 26,33 | AD4: 43 | AE4: 9 | AF4: Ec | AG4: 35,38,39 | AI4: 48 | AJ4: 6 | AK4: Ec | AL4: 46 | AM4: 53 | AN4: 6 | AO4: Ic(Ob) | AP4: 52 | AQ4: 60 | AR4: 6 | AS4: Ob | AT4: 50,54
B5: Álgebra e Introducción al Cálculo | F5: Álgebra Lineal | J5: Ecuaciones Diferenciales | N5: Probabilidades y Estadística | R5: Metodos Numéricos | V5: Transferencia de Masa | Z5: Balances de Materia y Energía | AD5: Diseño y Optimización de Procesos Industriales | AI5: Gestión Residuos Sólidos y Remediación de Suelos | AM5: Wastewater Treatment | AQ5: Gestión Ambiental y Producción Limpia
A6: Curso 2 | B6: 2 | C6: 5 | D6: ='Malla base'!D6 -> Ea | E6: - | F6: 9 | G6: 6 | H6: - | I6: 1,4 | J6: 15 | K6: 6 | L6: - | M6: 3,9 | N6: 21 | O6: 6 | P6: ='Malla base'!P6 -> Eb | Q6: 15,16 | R6: 27 | S6: 6 | U6: 22 | V6: 33 | W6: 6 | Y6: 26,27 | Z6: 39 | AA6: 6 | AC6: 26,33 | AD6: 44 | AE6: 6 | AF6: Ib | AG6: 38,39 | AI6: 49 | AJ6: 6 | AK6: Ic(Ob) | AL6: 43 | AM6: 54 | AN6: 6 | AP6: 51 | AQ6: 61 | AR6: 6
B7: Fundamentos de Química | F7: Cálculo I | J7: Cálculo II | N7: Electricidad y Magnetismo | R7: Termotecnia | V7: Transferencia de Calor | Z7: Máquinas de Transformación Física y Química | AD7: Cinética y Diseño de Reactores Químicos | AI7: Air Quality and Environmental Pollution | AM7: Economía Ambiental y de los Recursos Naturales | AQ7: Electivo Especialidad
A8: Curso 3 | B8: 3 | C8: 5 | D8: - | E8: - | F8: 10 | G8: 6 | I8: 1 | J8: 16 | K8: 6 | L8: ='Malla base'!L8 -> Eb | M8: 10 | N8: 22 | O8: 5 | P8: ='Malla base'!P8 -> Eb | Q8: 2,15,16 | R8: 28 | S8: 6 | T8: Ec | U8: 11,22 | V8: 34 | W8: 6 | X8: Ic(Ea) | Y8: 14,23 | Z8: 40 | AA8: 6 | AC8: 34 | AD8: 45 | AE8: 6 | AG8: 20,40 | AI8: 50 | AJ8: 6 | AK8: Oa | AL8: 46 | AM8: 55 | AN8: 4 | AP8: 276 cr | AQ8: 62 | AR8: 18 | AT8: 55
B9: Programación | F9: Introducción a la Mecánica | J9: Mecánica y Ondas | N9: Termodinámica | R9: Microbiología Industrial y Ambiental | V9: Fluid Mechanics | Z9: Hidraúlica | AD9: Hidrología | AI9: Legislación y Evaluación de Impacto Ambiental | AM9: Proyecto de Título 1 | AQ9: Proyecto de Título 2
A10: Curso 4 | B10: 4 | C10: 1 | D10: - | E10: - | F10: 11 | G10: 5 | H10: ='Malla base'!H10 -> Ea | I10: 4 | J10: 17 | K10: 5 | L10: ='Malla base'!L10 -> Ia | M10: 1 | N10: 23 | O10: 6 | P10: - | Q10: 9,16 | R10: 29 | S10: 6 | V10: 35 | W10: 6 | X10: Ec | Y10: 28 | Z10: 41 | AA10: 6 | AD10: 46 | AE10: 6 | AF10: Ib | AG10: 28,38 | AI10: 51 | AJ10: 6 | AK10: Ec,Ob | AL10: 43,44 | AM10: 56 | AN10: 6
B11: Bases para el Estudio de Ingeniería | F11: Biología de los Microorganismos | J11: Fundamentos de Economía | N11: Estática | R11: Concentración Tecnológica | V11: Ecología, Medio Ambiente y Energía | Z11: Concentración Tecnológica | AD11: Ingeniería de Bioprocesos Ambientales | AI11: Evaluación de Proyectos de Ingeniería Ambiental | AM11: Electivo Especialidad
A12: Curso 5 | B12: 5 | C12: 3 | E12: - | N12: 24 | O12: 3 | Q12: 7 | V12: 36 | W12: 6 | Z12: 42 | AA12: 6 | AB12: ='Malla base'!AB12 -> Ib(Ea) | AC12: 150 cr | AI12: 52 | AJ12: 6 | AL12: 45 | AM12: 57 | AN12: 6
B13: Taller de Proyectos de Ingeniería | N13: Ética | V13: Concentración Tecnológica | Z13: Pensamiento de Diseño Aplicado a Ingeniería | AI13: Obras Civiles Sanitarias | AM13: Electivo Especialidad
A14: Curso 6 | B14: 6 | C14: 3 | D14: - | E14: - | F14: 12 | G14: 3 | H14: - | I14: 6 | J14: 18 | K14: 3 | L14: - | M14: 12 | N14: 25 | O14: 4 | P14: - | Q14: - | R14: 30 | S14: 3 | T14: - | U14: 24 | AD14: 47 | AE14: 3 | AF14: - | AG14: - | AM14: 58 | AN14: 2 | AO14: ='Malla base'!AO14 -> Ec,Ia | AP14: 270 cr
B15: Teología I | F15: Teología II | J15: Teología III | N15: Minor | R15: Filosofía de las Ciencias | AD15: Optativo Arte y Literatura/Historia y Pensamiento Contemporáneo | AM15: Seminario Ética Profesional
A16: Curso 7 | B16: 7 | C16: 3 | D16: - | E16: - | F16: 13 | G16: 3 | H16: - | I16: - | J16: 19 | K16: 4 | L16: - | M16: - | R16: 31 | S16: 4 | T16: - | U16: -
B17: Antropología Filosófica | F17: Optativo Arte y Literatura/Historia y Pensamiento Contemporáneo | J17: Minor | R17: Minor
X18: 37 | Y18: 12 | Z18: ='Malla base'!Z18 -> Ic(Ea) | AA18: 170 cr | AO18: 60 | AP18: 12 | AQ18: ='Malla base'!AQ18 -> Ic(Eb, Ob) | AR18: 282 cr
E19: * | F19: APR | X19: Pre-Professional Practice | AO19: Professional Practice
E20: Inglés ALTE 3
B22: # | C22: SCT | D22: HT | E22: Req.
B23: Nombre Curso
B25: Año 1 | J25: Año 2 | R25: Año 3 | Z25: Año 4 | AI25: Año 5 | AQ25: Año 6
B26: =C4+C6+C8+C10+C12+C14+C16+G4+G6+G8+G10+G14+G16 -> 59 | J26: =K4+K6+K8+K10+K14+K16+O4+O6+O8+O10+O12+O14 -> 60 | R26: =S4+S6+S8+S10+S14+S16+W4+W6+W8+W10+W12+Y18 -> 73 | Z26: =AA4+AA6+AA8+AA10+AA12+AA14+AE4+AE6+AE8+AE10+AE14 -> 60 | AI26: =AJ4+AJ6+AJ8+AJ10+AJ12+AN4+AN6+AN8+AN10+AN12+AN14+AP18 -> 72 | AQ26: =AR4+AR6+AR8 -> 30

Sheet ICA Lic
A2: Sem | B2: 1 | C2: 10 | D2: - | E2: 2 | F2: 5 | G2: - | H2: 3 | I2: 5 | J2: - | K2: 4 | L2: 1 | M2: - | N2: 5 | O2: 3 | P2: - | R2: 6 | S2: 3 | T2: - | U2: 7 | V2: 3 | W2: -
A3: 1 | B3: Álgebra e Introducción al Cálculo | E3: Fundamentos de Química | H3: Programación | K3: Bases para el Estudio de Ingeniería | N3: Taller de Proyectos de Ingeniería | R3: Teología I | U3: Antropología Filosófica | Y3: * | Z3: APR
Y4: Inglés ALTE 3
B5: 8 | C5: 6 | D5: 1,4,3 | E5: 9 | F5: 6 | G5: 1,4 | H5: 10 | I5: 6 | J5: 1 | K5: 11 | L5: 5 | M5: 4 | R5: 12 | S5: 3 | T5: 6 | U5: 13 | V5: 3 | W5: -
A6: 2 | B6: Álgebra Lineal | E6: Cálculo I | H6: Introducción a la Mecánica | K6: Biología de los Microorganismos | R6: Teología II | U6: Opt. Arte y Lit./Hist. y Pens. Cont.
B8: 14 | C8: 6 | D8: 3,8,9 | E8: 15 | F8: 6 | G8: 3,9 | H8: 16 | I8: 6 | J8: 10 | K8: 17 | L8: 5 | M8: 1 | R8: 18 | S8: 3 | T8: 12 | U8: 19 | V8: 4 | W8: -
A9: 3 | B9: Ecuaciones Diferenciales | E9: Cálculo II | H9: Mecánica y Ondas | K9: Fundamentos de Economía | R9: Teología III | U9: Minor
B11: 20 | C11: 6 | D11: 15 | E11: 21 | F11: 6 | G11: 15,16 | H11: 22 | I11: 5 | J11: 2,15,16 | K11: 23 | L11: 6 | M11: 9,16 | N11: 24 | O11: 3 | P11: 7 | R11: 25 | S11: 4 | T11: -
A12: 4 | B12: Probabilidades y Estadística | E12: Electricidad y Magnetismo | H12: Termodinámica | K12: Estática | N12: Ética | R12: Minor
B14: 26 | C14: 6 | D14: 3,15 | E14: 27 | F14: 6 | G14: 22 | H14: 28 | I14: 6 | J14: 11,22 | K14: 29 | L14: 6 | R14: 30 | S14: 3 | T14: 24 | U14: 31 | V14: 4 | W14: -
A15: 5 | B15: Métodos Numéricos | E15: Termotecnia | H15: Microbiología Industrial y Ambiental | K15: Concentración Tecnológica | R15: Filosofía de las Ciencias | U15: Minor
B17: 32 | C17: 6 | D17: 14,26 | E17: 33 | F17: 6 | G17: 26,27 | H17: 34 | I17: 6 | J17: 14,23 | K17: 35 | L17: 6 | M17: 28 | N17: 36 | O17: 6
A18: 6 | B18: Transferencia de Masa | E18: Transferencia de Calor | H18: Fluid Mechanics | K18: Ecología, Medio Ambiente y Energía | N18: Concentración Tecnológica
U19: 37 | V19: 12 | W19: 170 cr
U20: Pre-Professional Practice
B21: 38 | C21: 6 | D21: 26,33 | E21: 39 | F21: 6 | G21: 26,33 | H21: 40 | I21: 6 | J21: 34 | K21: 41 | L21: 6 | N21: 42 | O21: 6 | P21: 150 cr
A22: 7 | B22: Balances de Materia y Energía | E22: Máquinas de Transformación Física y Química | H22: Hidraúlica | K22: Concentración Tecnológica | N22: Pensamiento de Diseño Aplicado a Ingeniería
B24: 43 | C24: 9 | D24: 35,38,39 | E24: 44 | F24: 6 | G24: 38,39 | H24: 45 | I24: 6 | J24: 20,40 | K24: 46 | L24: 6 | M24: 28,38 | R24: 47 | S24: 3 | T24: -
A25: 8 | B25: Diseño y Opt. de Procesos Industriales | E25: Cinética y Diseño de Reactores Químicos | H25: Hidrología | K25: Ingeniería de Bioprocesos Ambientales | R25: Opt. Arte y Lit./Hist. y Pens. Cont.
B27: # | C27: Cr | D27: Req.
B28: Nombre Curso

Sheet ICA Tit
A2: Sem | B2: 48 | C2: 6 | D2: 46 | E2: 49 | F2: 6 | G2: 43 | H2: 50 | I2: 6 | J2: 46 | K2: 51 | L2: 6 | M2: 43,44 | N2: 52 | O2: 6 | P2: 45
A3: 1 | B3: Gest. Residuos Sólidos y Rem. de Suelos | E3: Air Quality and Environmental Pollution | H3: Legislación y Evaluación de Impacto Ambiental | K3: Eval. de Proyectos de Ingeniería Ambiental | N3: Obras Civiles Sanitarias
B5: 53 | C5: 6 | D5: 52 | E5: 54 | F5: 6 | G5: 51 | H5: 55 | I5: 4 | J5: 276 cr | K5: 56 | L5: 6 | N5: 57 | O5: 6 | Q5: 58 | R5: 2 | S5: 270 cr
A6: 2 | B6: Wastewater Treatment | E6: Economía Ambiental y de los Rec. Nat. | H6: Proyecto Titulo 1 | K6: Electivo Especialidad | N6: Electivo Especialidad | Q6: Seminario Ética Profesional
U7: 59 | V7: 12 | W7: 282 cr
U8: Professional Practice
B9: 60 | C9: 6 | D9: 50,54 | E9: 61 | F9: 6 | H9: 62 | I9: 18 | J9: 55
A10: 3 | B10: Gestión Ambiental y Prod. Limpia | E10: Electivo Especialidad | H10: Proyecto Titulo 2
B12: # | C12: Cr | D12: Req.
B13: Nombre Curso
